Scenario Name,Heap Size,Concurrent Users,Message Size (Bytes),Back-end Service Delay (ms),Label,# Samples,Error Count,Error %,Throughput (Requests/sec),Average Response Time (ms),Average Users in the System,Standard Deviation of Response Time (ms),Minimum Response Time (ms),Maximum Response Time (ms),75th Percentile of Response Time (ms),90th Percentile of Response Time (ms),95th Percentile of Response Time (ms),98th Percentile of Response Time (ms),99th Percentile of Response Time (ms),99.9th Percentile of Response Time (ms),Received (KB/sec),Sent (KB/sec),WSO2 Enterprise Micro Integrator GC Throughput (%),WSO2 Enterprise Micro Integrator Memory Footprint (M),Average WSO2 Enterprise Micro Integrator Memory Footprint After Full GC (M),Standard Deviation of WSO2 Enterprise Micro Integrator Memory Footprint After Full GC (M),Netty Service GC Throughput (%),Netty Service Memory Footprint (M),Average Netty Service Memory Footprint After Full GC (M),Standard Deviation of Netty Service Memory Footprint After Full GC (M),JMeter Client GC Throughput (%),JMeter Client Memory Footprint (M),Average JMeter Client Memory Footprint After Full GC (M),Standard Deviation of JMeter Client Memory Footprint After Full GC (M),WSO2 Enterprise Micro Integrator - Run queue length,WSO2 Enterprise Micro Integrator - Number of tasks,WSO2 Enterprise Micro Integrator - System Load Average - Last 1 minute,WSO2 Enterprise Micro Integrator - System Load Average - Last 5 minutes,WSO2 Enterprise Micro Integrator - System Load Average - Last 15 minutes,WSO2 Enterprise Micro Integrator - Blocked,WSO2 Enterprise Micro Integrator - CPU - User (%),WSO2 Enterprise Micro Integrator - CPU - Nice (%),WSO2 Enterprise Micro Integrator - CPU - System (%),WSO2 Enterprise Micro Integrator - CPU - I/O Wait (%),WSO2 Enterprise Micro Integrator - CPU - Steal (%),WSO2 Enterprise Micro Integrator - CPU - Idle (%),WSO2 Enterprise Micro Integrator - Memory - Free (kB),WSO2 Enterprise Micro Integrator - Memory - Available (kB),WSO2 Enterprise Micro Integrator - Memory - Used (kB),WSO2 Enterprise Micro Integrator - Memory - Used (%),WSO2 Enterprise Micro Integrator - Memory - Buffers (kB),WSO2 Enterprise Micro Integrator - Memory - Cached (kB),WSO2 Enterprise Micro Integrator - Memory - Commit (kB),WSO2 Enterprise Micro Integrator - Memory - Commit (%),WSO2 Enterprise Micro Integrator - Memory - Active (kB),WSO2 Enterprise Micro Integrator - Memory - Inactive (kB),WSO2 Enterprise Micro Integrator - Memory - Dirty (kB),WSO2 Enterprise Micro Integrator - Block Device - TPS (transfers/s),WSO2 Enterprise Micro Integrator - Block Device - Read TPS (kB/s),WSO2 Enterprise Micro Integrator - Block Device - Write TPS (kB/s),WSO2 Enterprise Micro Integrator - Block Device - Discard TPS (kB/s),WSO2 Enterprise Micro Integrator - Block Device - Average Request Size (kB),WSO2 Enterprise Micro Integrator - Block Device - Average Queue Length,WSO2 Enterprise Micro Integrator - Block Device - Average Time (ms),WSO2 Enterprise Micro Integrator - Block Device - Utilization (%),WSO2 Enterprise Micro Integrator - IO - TPS (transfers/s),WSO2 Enterprise Micro Integrator - IO - Read TPS (requests/s,WSO2 Enterprise Micro Integrator - IO - Write TPS (requests/s),WSO2 Enterprise Micro Integrator - IO - Discard TPS (requests/s),WSO2 Enterprise Micro Integrator - IO - Data reads per seconds (blocks/s),WSO2 Enterprise Micro Integrator - IO - Data writes per seconds (blocks/s),WSO2 Enterprise Micro Integrator - IO - Data discarded per seconds (blocks/s),WSO2 Enterprise Micro Integrator - Tasks created per second,WSO2 Enterprise Micro Integrator - Context switches per second,WSO2 Enterprise Micro Integrator - Unused directory cache entries,WSO2 Enterprise Micro Integrator - Number of file handles,WSO2 Enterprise Micro Integrator - Number of inode handlers,WSO2 Enterprise Micro Integrator - Number of pseudo-terminals,WSO2 Enterprise Micro Integrator - Network - Received packets/s,WSO2 Enterprise Micro Integrator - Network - Transmitted packets/s,WSO2 Enterprise Micro Integrator - Network - Received kB/s,WSO2 Enterprise Micro Integrator - Network - Transmitted kB/s,WSO2 Enterprise Micro Integrator - Network - Received compressed packets/s,WSO2 Enterprise Micro Integrator - Network - Transmitted compressed packets/s,WSO2 Enterprise Micro Integrator - Network - Received multicast packets/s,WSO2 Enterprise Micro Integrator - Network - Utilization (%),WSO2 Enterprise Micro Integrator - Task clock,WSO2 Enterprise Micro Integrator - Context switches,WSO2 Enterprise Micro Integrator - CPU Migrations,WSO2 Enterprise Micro Integrator - Page faults,Netty Service - Run queue length,Netty Service - Number of tasks,Netty Service - System Load Average - Last 1 minute,Netty Service - System Load Average - Last 5 minutes,Netty Service - System Load Average - Last 15 minutes,Netty Service - Blocked,Netty Service - CPU - User (%),Netty Service - CPU - Nice (%),Netty Service - CPU - System (%),Netty Service - CPU - I/O Wait (%),Netty Service - CPU - Steal (%),Netty Service - CPU - Idle (%),Netty Service - Memory - Free (kB),Netty Service - Memory - Available (kB),Netty Service - Memory - Used (kB),Netty Service - Memory - Used (%),Netty Service - Memory - Buffers (kB),Netty Service - Memory - Cached (kB),Netty Service - Memory - Commit (kB),Netty Service - Memory - Commit (%),Netty Service - Memory - Active (kB),Netty Service - Memory - Inactive (kB),Netty Service - Memory - Dirty (kB),Netty Service - Block Device - TPS (transfers/s),Netty Service - Block Device - Read TPS (kB/s),Netty Service - Block Device - Write TPS (kB/s),Netty Service - Block Device - Discard TPS (kB/s),Netty Service - Block Device - Average Request Size (kB),Netty Service - Block Device - Average Queue Length,Netty Service - Block Device - Average Time (ms),Netty Service - Block Device - Utilization (%),Netty Service - IO - TPS (transfers/s),Netty Service - IO - Read TPS (requests/s,Netty Service - IO - Write TPS (requests/s),Netty Service - IO - Discard TPS (requests/s),Netty Service - IO - Data reads per seconds (blocks/s),Netty Service - IO - Data writes per seconds (blocks/s),Netty Service - IO - Data discarded per seconds (blocks/s),Netty Service - Tasks created per second,Netty Service - Context switches per second,Netty Service - Unused directory cache entries,Netty Service - Number of file handles,Netty Service - Number of inode handlers,Netty Service - Number of pseudo-terminals,Netty Service - Network - Received packets/s,Netty Service - Network - Transmitted packets/s,Netty Service - Network - Received kB/s,Netty Service - Network - Transmitted kB/s,Netty Service - Network - Received compressed packets/s,Netty Service - Network - Transmitted compressed packets/s,Netty Service - Network - Received multicast packets/s,Netty Service - Network - Utilization (%),Netty Service - Task clock,Netty Service - Context switches,Netty Service - CPU Migrations,Netty Service - Page faults,JMeter Client - Run queue length,JMeter Client - Number of tasks,JMeter Client - System Load Average - Last 1 minute,JMeter Client - System Load Average - Last 5 minutes,JMeter Client - System Load Average - Last 15 minutes,JMeter Client - Blocked,JMeter Client - CPU - User (%),JMeter Client - CPU - Nice (%),JMeter Client - CPU - System (%),JMeter Client - CPU - I/O Wait (%),JMeter Client - CPU - Steal (%),JMeter Client - CPU - Idle (%),JMeter Client - Memory - Free (kB),JMeter Client - Memory - Available (kB),JMeter Client - Memory - Used (kB),JMeter Client - Memory - Used (%),JMeter Client - Memory - Buffers (kB),JMeter Client - Memory - Cached (kB),JMeter Client - Memory - Commit (kB),JMeter Client - Memory - Commit (%),JMeter Client - Memory - Active (kB),JMeter Client - Memory - Inactive (kB),JMeter Client - Memory - Dirty (kB),JMeter Client - Block Device - TPS (transfers/s),JMeter Client - Block Device - Read TPS (kB/s),JMeter Client - Block Device - Write TPS (kB/s),JMeter Client - Block Device - Discard TPS (kB/s),JMeter Client - Block Device - Average Request Size (kB),JMeter Client - Block Device - Average Queue Length,JMeter Client - Block Device - Average Time (ms),JMeter Client - Block Device - Utilization (%),JMeter Client - IO - TPS (transfers/s),JMeter Client - IO - Read TPS (requests/s,JMeter Client - IO - Write TPS (requests/s),JMeter Client - IO - Discard TPS (requests/s),JMeter Client - IO - Data reads per seconds (blocks/s),JMeter Client - IO - Data writes per seconds (blocks/s),JMeter Client - IO - Data discarded per seconds (blocks/s),JMeter Client - Tasks created per second,JMeter Client - Context switches per second,JMeter Client - Unused directory cache entries,JMeter Client - Number of file handles,JMeter Client - Number of inode handlers,JMeter Client - Number of pseudo-terminals,JMeter Client - Network - Received packets/s,JMeter Client - Network - Transmitted packets/s,JMeter Client - Network - Received kB/s,JMeter Client - Network - Transmitted kB/s,JMeter Client - Network - Received compressed packets/s,JMeter Client - Network - Transmitted compressed packets/s,JMeter Client - Network - Received multicast packets/s,JMeter Client - Network - Utilization (%)
CBR Proxy,2G,100,1024,0,HTTP Request,597724,0,0,996.04,100.31,99,43.56,1,403,103,187,192,197,199,289,1830.62,1926.91,,,,,100,3925.5,,,99.92,2048,5811,0,2.07,777.4,0.67,0.49,0.33,0,8.86,0,2.31,0,0,88.82,3257870.93,5940283.47,1519417.07,19.46,68713.07,2760180.27,3626081.33,46.44,2265740.27,2009822.13,61.33,1.19,0,17.45,0,9.08,0,0.41,0.01,1.19,0,1.19,0,0,34.91,0,0.67,3359.2,57043.2,1546.67,49348.07,0,5528.29,5450.71,3766.29,3828.55,0,0,0,0,N/A,N/A,N/A,N/A,0,165.4,0.06,0.05,0,0.07,0.53,0,0.51,0,0,98.95,5005034.13,6523866.67,966888,12.38,66862.93,1617326.67,5074294.93,64.99,1396171.73,1196625.87,49.33,0.92,0,5.89,0,6.44,0,0.62,0.01,0.92,0,0.92,0,0,11.79,0,0.07,1677.37,55575.93,1235.2,45343.53,0,2723.28,2765.58,1984.82,1812.09,0,0,0,0,35973.803486,773269,144199,266132,0.07,270.27,0.4,0.27,0.17,0,2.31,0,1.14,0.02,0,96.53,4214286.93,6022115.2,1461806.93,18.72,76601.6,1889866.13,2889968,37.01,1909178.4,1455310.93,2306.13,1.45,0,130.79,0,88.74,0,2.9,0.07,1.45,0,1.45,0,0,261.57,0,0.22,1559.24,58200.8,1280,48490.33,0,2723.71,2759.01,1841,1951.62,0,0,0,0
CBR Proxy,2G,100,1024,1000,HTTP Request,59284,0,0,98.7,1011.81,99,26.54,1000,1198,1003,1063,1095,1103,1103,1111,181.4,190.94,,,,,,,,,99.98,2048,5809,0,0,779.27,0.09,0.24,0.32,0.27,1.74,0,0.38,0,0,97.87,3255748,5939199.73,1520111.73,19.47,69416,2760334.93,3626463.2,46.44,2267528,2009575.73,46.93,1.21,0,18.04,0,9.35,0,0.41,0.01,1.21,0,1.21,0,0,36.08,0,0.67,1226.98,57358.6,1555.2,49388.33,0,561.76,556.58,382.05,390.42,0,0,0,0,N/A,N/A,N/A,N/A,0.27,165.07,0.01,0.01,0,0.13,0.3,0,0.13,0,0,99.57,5615597.6,7135135.2,355392.8,4.55,67112.27,1617717.6,5073777.33,64.98,786474.13,1196818.93,99.73,0.89,0,5.82,0,6.56,0,0.46,0.01,0.89,0,0.89,0,0,11.65,0,0.06,336.9,55740.8,1233.07,45346.4,0,277.81,284.22,202.7,185.27,0,0,0,0,14969.284364,151189,34988,83512,0,270.6,0.04,0.09,0.12,0.07,0.51,0,0.15,0.02,0,99.31,4551577.07,6326222.4,1157651.2,14.83,76873.33,1856367.2,2888840.27,37,1608770.67,1419167.47,266.13,1.07,0,19.45,0,18.22,0.01,10.38,0.13,1.07,0,1.07,0,0,38.89,0,0.23,328.06,58315.47,1269.33,48594.27,0,279.31,278.07,187.98,197.07,0,0,0,0
CBR Proxy,2G,100,10240,0,HTTP Request,108526,0,0,180.79,552.94,99,166.92,11,1305,611,791,887,911,999,1191,3404.63,3418.4,,,,,,,,,99.97,2048,5819,0,0.33,774.53,1.03,0.74,0.49,0.07,9.41,0,1.77,0,0,88.82,3240879.2,5926407.47,1531751.2,19.62,70038.4,2761578.93,3629109.33,46.48,2277119.73,2010296.27,114.93,1.21,0,17.18,0,9.06,0,0.36,0.01,1.21,0,1.21,0,0,34.37,0,0.68,1905.79,57677.67,1555.2,49430.67,0,5924.98,5720.16,6559.39,6568.62,0,0,0,0,N/A,N/A,N/A,N/A,0,165.47,0.02,0.01,0,0.27,0.3,0,0.32,0,0,99.37,5497942.13,7017967.73,472440.8,6.05,67287.47,1617979.73,5074776,64.99,903716.53,1196863.47,148.53,0.9,0,5.91,0,6.59,0,0.75,0.01,0.9,0,0.9,0,0,11.81,0,0.07,998.52,55898.07,1239.47,45342,0,2837.2,2881.04,3296.83,3261.25,0,0,0,0,22467.584474,458645,49549,145398,0.13,270.47,0.14,0.07,0.05,0.13,0.94,0,0.62,0,0,98.43,4315836,6103424.8,1380278.13,17.68,77142.4,1868975.47,2885293.6,36.95,1833621.33,1429328.8,574.67,1.14,0,29.76,0,26.09,0,0.92,0.03,1.14,0,1.14,0,0,59.52,0,0.23,965.81,58423.27,1275.73,48693.07,0,2882.27,3043.2,3270.81,3297.17,0,0,0,0
CBR Proxy,2G,100,10240,1000,HTTP Request,59672,0,0,99.32,1005.45,99,14.84,1001,1200,1003,1007,1011,1079,1103,1111,1869.97,1877.94,,,,,,,,,99.98,2048,5813,0,0.07,779.67,0.32,0.46,0.53,0.07,4.77,0,1.02,0,0,94.21,3239675.2,5926650.13,1531469.07,19.62,70802.13,2762125.6,3641421.6,46.63,2281064.27,2010666.67,194.93,1.31,0,18.4,0,8.87,0,0.41,0.01,1.31,0,1.31,0,0,36.8,0,0.67,2558.9,58000.47,1523.2,49482.6,0,3344.45,3190.59,3717.97,3722.48,0,0,0,0,N/A,N/A,N/A,N/A,0,164.8,0.02,0.02,0,0.13,0.35,0,0.21,0,0,99.43,5601213.33,7121660,368821.07,4.72,67485.07,1618245.33,5075836,65.01,800797.6,1196893.33,158.13,0.94,0,5.73,0,6.11,0,0.75,0.01,0.94,0,0.94,0,0,11.46,0,0.06,598.05,56060.93,1220.27,45343.67,0,1517.61,1679.83,1864.98,1851.63,0,0,0,0,19952.614734,270895,67561,91745,0.2,270.73,0.04,0.08,0.07,0.07,0.57,0,0.31,0,0,99.11,4313490.4,6107191.73,1376404.8,17.63,77438.93,1874581.87,2888376,37,1832903.2,1432180.27,254.4,1.12,0,20.03,0,17.78,0,0.24,0.01,1.12,0,1.12,0,0,40.05,0,0.23,707.06,58532.73,1282.13,48791.73,0,1673.45,1665.13,1857.86,1866.75,0,0,0,0
CBR Proxy,2G,200,1024,0,HTTP Request,591396,0,0,985.47,202.62,199,73.41,4,611,210,299,303,391,397,493,1811.19,1907.43,,,,,100,3925.5,,,99.91,2048,5812,0,1.25,778.38,0.7,0.66,0.47,0.06,8.6,0,2.37,0,0,89.02,3253423.5,5934135,1525040.75,19.53,67008.5,2760408,3623790.5,46.41,2269022.25,2010633.25,190,1.35,0,42.49,0,13.89,0,0.46,0.02,1.35,0,1.35,0,0,84.99,0,0.67,3103.39,56972.19,1730,49442.81,0,5146.21,5156.78,3514.35,3596.15,0,0,0,0,N/A,N/A,N/A,N/A,0,166.87,0.06,0.05,0.01,0.13,0.51,0,0.48,0,0,99,5049388.8,6570008.53,918980,11.77,66985.87,1618667.73,5085132,65.13,1348329.07,1198613.6,48.8,0.88,0,5.62,0,6.42,0,0.45,0.01,0.88,0,0.88,0,0,11.24,0,0.07,1605.93,55571.87,1301.33,45439.07,0,2581.2,2572.48,1865.92,1691.19,0,0,0,0,33792.558373,751768,109171,265104,0.13,374.07,0.63,0.45,0.31,0.13,2.54,0,1.25,0.36,0,95.84,4209103.73,6015381.33,1469861.87,18.83,76754.67,1888481.33,3012961.87,38.59,1911753.07,1454912.8,1967.73,3.36,0,607.56,0,180.45,0.16,50.52,1.29,3.36,0,3.36,0,0,1215.11,0,0.34,1402.75,58104.47,1352.53,48492.67,0,2576.65,2574.71,1730.94,1824.24,0,0,0,0
CBR Proxy,2G,200,1024,1000,HTTP Request,117919,0,0,196.18,1016.98,199,33.93,1000,1294,1007,1095,1103,1103,1111,1199,360.56,379.72,,,,,,,,,99.97,2048,5812,0,0.19,750.56,0.08,0.24,0.39,0.06,2.94,0,0.7,0.01,0,96.35,3289343.75,5970883.5,1488002.25,19.06,67435.75,2760640.5,3594574.75,46.04,2233746.75,2010389.5,178.5,1.35,0,50.42,0,15.27,0,0.72,0.03,1.35,0,1.35,0,0,100.85,0,0.67,1755.24,57296.12,1706,49489.19,0,1084.75,1077.36,737.96,754.86,0,0,0,0,N/A,N/A,N/A,N/A,0.12,166.06,0.03,0.03,0,0,0.48,0,0.23,0,0,99.28,5482787.75,7004169.75,484575.5,6.21,67231.5,1619060.25,5079971,65.06,915361.5,1198830,73.5,0.87,0,5.57,0,6.41,0,0.47,0.01,0.87,0,0.87,0,0,11.15,0,0.07,549.02,55729.62,1300,45432.94,0,537.53,548.21,392.05,357.64,0,0,0,0,26195.301948,257381,28188,154224,0.25,362.31,0.04,0.24,0.34,0.12,0.76,0,0.28,0.48,0,98.48,4375588.5,6160381.25,1324401.75,16.96,77007,1866682.25,2993537.75,38.34,1769674.5,1430976.5,445.5,3.02,0,511,0,169.67,0.22,78.67,1.88,3.02,0,3.02,0,0,1021.99,0,0.33,501.36,58211.31,1396,48577.31,0,540.5,537.1,363.26,380.54,0,0,0,0
CBR Proxy,2G,200,10240,0,HTTP Request,110600,0,0,184.21,1084.71,199,327.06,104,2806,1303,1503,1615,1799,1903,2207,3469.03,3483.25,,,,,,,,,99.97,2048,5817,0,0.13,776.2,1.99,1.39,0.85,0.07,9.45,0,1.81,0,0,88.73,3272077.6,5954944,1502478.67,19.24,67870.13,2761427.2,3618673.87,46.34,2241578.67,2010671.2,157.33,1.18,0,10.65,0,6.93,0,0.4,0.01,1.18,0,1.18,0,0,21.31,0,0.52,1837.66,57611.8,1698.13,49567.73,0,6251.47,6008.08,6896.89,6905.93,0,0,0,0,N/A,N/A,N/A,N/A,0,166,0.01,0.01,0,0.07,0.33,0,0.34,0,0,99.32,5467854.67,6989707.73,499361.6,6.4,67405.33,1619327.73,5086328,65.14,930713.6,1198942.93,186.13,0.92,0,6.04,0,6.55,0,0.45,0.01,0.92,0,0.92,0,0,12.08,0,0.06,1094.32,55891.47,1312,45442.8,0,2939.04,3049.6,3460.68,3427.46,0,0,0,0,22759.394692,487222,53298,151559,0,372.4,0.11,0.1,0.15,0.07,1.09,0,0.71,0.06,0,98.14,4227306.67,6021197.6,1463422.4,18.74,77297.07,1875410.4,3002776,38.46,1910381.6,1437267.47,597.33,1.26,0,71.23,0,43.22,0.02,15.86,0.33,1.26,0,1.26,0,0,142.45,0,0.34,1025.81,58319.2,1373.87,48698.27,0,3066.77,3199.71,3442.38,3466.94,0,0,0,0
CBR Proxy,2G,200,10240,1000,HTTP Request,105318,0,0,175.15,1139.79,199,80.15,1002,1705,1199,1215,1295,1303,1391,1503,3298.46,3311.97,,,,,,,,,99.97,2048,5800,0,0.47,778.73,0.64,0.87,0.94,0.13,9.06,0,1.91,0,0,89.02,3280033.07,5964501.07,1492860.27,19.12,68317.87,2762465.07,3632248,46.52,2238780.8,2011357.87,193.6,1.18,0,10.2,0,6.7,0,0.31,0.01,1.18,0,1.18,0,0,20.41,0,0.52,2106.86,57926.93,1723.73,49614.53,0,5995.05,5548.2,6478.29,6474.18,0,0,0,0,N/A,N/A,N/A,N/A,0,166.53,0.06,0.04,0,0.07,0.61,0,0.4,0,0,98.98,5489998.13,7012268.27,476912.53,6.11,67585.07,1619592.8,5088024,65.16,908532,1199042.4,199.47,0.97,0,6.05,0,6.28,0,0.43,0.01,0.97,0,0.97,0,0,12.12,0,0.07,1195.25,56050.8,1320.53,45442.4,0,2687.38,2992.77,3246.84,3225.26,0,0,0,0,34455.269296,535632,34449,146059,0,372.67,0.05,0.03,0.05,0.07,0.97,0,0.65,0.15,0,98.23,4210879.73,6014615.47,1469886.13,18.82,77558.67,1884808.53,3000684,38.43,1919787.73,1443886.4,574.13,1.18,0,29.41,0,24.83,0.03,33.19,0.43,1.18,0,1.18,0,0,58.81,0,0.34,1063.59,58425.47,1352.53,48793.47,0,2861.4,3002.9,3227.88,3253.57,0,0,0,0
CBR Proxy,2G,500,1024,0,HTTP Request,576440,0,0,959.93,520.85,499,162.93,13,1595,603,707,799,899,911,1103,1764.25,1857.99,,,,,99.99,3925.5,,,99.9,2048,5817,0,0.4,784.53,1.66,1.55,0.96,0.07,8.88,0,2.43,0,0,88.69,3246995.73,5926384.8,1531283.2,19.61,66455.73,2759673.07,3669376,46.99,2273658.67,2010163.73,89.07,1.2,0,17.94,0,9.36,0,0.25,0.01,1.2,0,1.2,0,0,35.87,0,0.7,2617.94,57064.53,2318.93,50100.13,0,5047.16,5111.39,3453.44,3553.33,0,0,0,0,N/A,N/A,N/A,N/A,0.13,165.47,0.02,0.04,0.06,0.07,0.48,0,0.46,0,0,99.05,5047618.67,6566582.13,924813.6,11.85,66651.47,1617511.47,5075828,65.01,1353712,1197741.6,60.53,0.89,0,5.69,0,6.43,0,0.41,0.01,0.89,0,0.89,0,0,11.38,0,0.07,1635.44,55538.13,1578.67,45662.87,0,2554.85,2520.64,1842.2,1661.19,0,0,0,0,31802.891325,751704,104849,265530,0.13,670.47,0.49,0.42,0.32,0,2.56,0,1.18,0.03,0,96.22,4138348.53,5952178.4,1528469.33,19.57,76719.2,1895575.47,3299872,42.26,1956609.33,1460746.93,1391.47,1.42,0,122.4,0,84,0.01,9.4,0.15,1.42,0,1.42,0,0,244.83,0,0.67,1420.85,58233,1649.07,48894.13,0,2554.87,2524.84,1709.8,1791.07,0,0,0,0
CBR Proxy,2G,500,1024,1000,HTTP Request,292911,0,0,487.46,1025.01,499,43.35,1000,1410,1011,1103,1103,1111,1199,1295,895.89,943.49,,,,,0,3925.5,,,99.94,2048,5820,0,0.27,782.33,0.41,0.7,0.96,0.13,5.77,0,1.72,0,0,92.51,3290218.13,5970768,1486369.6,19.04,66800.53,2760336.27,3663888.8,46.92,2230659.47,2010125.87,86.93,1.25,0,31,0,13.51,0,0.36,0.01,1.25,0,1.25,0,0,61.99,0,0.7,3404.78,57382.47,2289.07,50141.47,0,2724.76,2703.44,1852.97,1893.09,0,0,0,0,N/A,N/A,N/A,N/A,0.13,165.07,0.07,0.07,0.03,0.07,1.16,0,0.56,0,0,98.28,5186537.07,6706153.33,785143.47,10.06,66868,1617899.73,5074836,65,1214747.73,1197925.07,84.27,0.88,0,5.48,0,6.23,0,0.34,0.01,0.88,0,0.88,0,0,10.96,0,0.06,1256.58,55699.8,1568,45659.47,0,1347.47,1379.26,982.81,898.54,0,0,0,0,63917.119046,590642,68467,241003,0.27,670.4,0.1,0.13,0.2,0,1.47,0,0.64,0,0,97.88,4190503.47,5999516.27,1480917.87,18.97,76998.13,1890316.27,3297424.8,42.23,1911717.33,1453404.53,825.87,1.23,0,71.08,0,56.74,0,0.79,0.02,1.23,0,1.23,0,0,142.16,0,0.67,1055.79,58342.67,1634.13,48989.73,0,1355.82,1345.36,910.1,954.22,0,0,0,0
CBR Proxy,2G,500,10240,0,HTTP Request,99653,0,0,165.7,3009.02,498,977.65,410,7296,3695,4319,4607,5119,5311,5919,3120.43,3133.21,,,,,,,,,99.96,2048,5817,0,0.12,783.06,5.16,3.45,2.14,0.06,9.61,0,1.64,0.01,0,88.74,2333528.5,5015595.25,2440551,31.26,67198.75,2761335,3677911.25,47.1,3166803.25,2010477.75,264,1.27,0,37.77,0,14.58,0,0.49,0.03,1.27,0,1.27,0,0,75.54,0,0.76,1535.16,57700.56,2242,50165.38,0,5370.38,5112.18,5875.94,5882.97,0,0,0,0,N/A,N/A,N/A,N/A,0.27,165.4,0.01,0.01,0,0.13,0.28,0,0.31,0,0,99.41,5514934.93,7035059.73,456097.33,5.84,67069.33,1618216.27,5076824,65.02,886883.73,1198035.47,141.6,0.93,0,5.92,0,6.36,0,0.39,0.01,0.93,0,0.93,0,0,11.84,0,0.07,964,55859.6,1542.4,45654.07,0,2508.03,2629.86,2952.81,2921.58,0,0,0,0,20450.495881,451891,49929,144634,0.13,670,0.33,0.41,0.3,0.07,0.96,0,0.58,0.01,0,98.45,4194205.87,5996972.53,1483199.2,19,77251.47,1883502.13,3300580,42.27,1916561.87,1444230.13,478.13,1.09,0,27.94,0,25.61,0,4.07,0.06,1.09,0,1.09,0,0,55.87,0,0.67,904.43,58454.47,1623.47,49088.2,0,2603.19,2744.54,2928.46,2958.85,0,0,0,0
CBR Proxy,2G,500,10240,1000,HTTP Request,100355,0,0,166.46,2989.51,497,651.01,1193,5504,3423,3807,4015,4287,4415,5023,3134.69,3147.53,,,,,,,,,99.96,2048,5816,0,0.12,773.75,2.81,3.02,2.83,0.12,9.63,0,1.62,0,0,88.74,2346622,5030400.75,2425747.5,31.07,67643.75,2762441.5,3653280.75,46.79,3159025.75,2010974.75,141,1.4,0,42.64,0,11.77,0,0.46,0.02,1.4,0,1.4,0,0,85.29,0,0.67,1600.82,58008.5,2258,50194.62,0,5504.7,5097.75,5880.75,5877.73,0,0,0,0,N/A,N/A,N/A,N/A,0.13,165.53,0.11,0.08,0.03,0.07,0.51,0,0.37,0,0,99.12,5505614.93,7026327.47,464696.53,5.95,67240.27,1618506.4,5077008,65.02,895661.33,1198148,205.07,0.92,0,5.69,0,6.2,0,0.32,0.01,0.92,0,0.92,0,0,11.37,0,0.07,1080.75,56022.13,1591.47,45651,0,2475.21,2736.11,2933.93,2914.15,0,0,0,0,31823.466889,514381,46820,146464,0.13,670.27,0.11,0.08,0.14,0,0.96,0,0.57,0,0,98.47,4184000.8,5997162.93,1482681.33,18.99,77538.13,1893535.47,3301512,42.28,1919224.27,1451504,493.6,1.16,0,27.61,0,23.61,0,0.73,0.03,1.16,0,1.16,0,0,55.24,0,0.67,869.12,58561.33,1653.33,49182.4,0,2599.57,2747.66,2915.73,2946.37,0,0,0,0
CBR SOAP Header Proxy,2G,100,1024,0,HTTP Request,678204,0,0,1130.14,88.4,99,43.31,1,306,101,106,187,193,196,205,2077.08,2197.38,,,,,100,3925.5,,,99.91,2048,5817,0,0.87,778.27,0.86,0.94,1.08,0,8.47,0,2.63,0,0,88.9,3234694.13,5931274.13,1524730.67,19.53,74181.33,2767768.8,3643960.27,46.67,2278881.6,2013861.87,246.93,1.43,0,41.31,0,13.73,0,0.53,0.02,1.43,0,1.43,0,0,82.63,0,0.7,4145.95,59596.8,1565.87,49726.4,0,6149.63,6058.77,4198.63,4256.25,0,0,0,0,N/A,N/A,N/A,N/A,0.07,165.8,0.06,0.05,0.01,0.27,0.61,0,0.55,0,0,98.84,4995509.07,6519028.8,971297.33,12.44,68645.33,1619953.33,5076892,65.02,1403874.4,1197822.67,144,0.92,0,5.75,0,6.28,0,0.62,0.01,0.92,0,0.92,0,0,11.51,0,0.07,1816.05,56864.07,1211.73,45340.67,0,3030.74,3083.59,2209.33,2019.29,0,0,0,0,39828.288696,855385,142860,267977,0,270.87,0.29,0.16,0.07,0,2.63,0,1.37,0.01,0,95.98,4111809.07,6021046.4,1460355.2,18.7,78709.07,1987096.53,2897261.6,37.1,1937000,1525501.6,1786.67,1.68,0,152.58,0,89.47,0,1.62,0.05,1.68,0,1.68,0,0.01,305.17,0,0.24,1769.29,59093,1275.73,49300.6,0,3031.32,3069.41,2049.09,2181.55,0,0,0,0
CBR SOAP Header Proxy,2G,100,1024,1000,HTTP Request,58856,0,0,98.05,1019.57,99,34.83,1000,1235,1007,1095,1103,1103,1103,1199,180.21,190.65,,,,,,,,,99.98,2048,5812,0,0.07,771.53,0.12,0.31,0.63,0.07,1.7,0,0.37,0.01,0,97.92,3245576.53,5943986.93,1511920.8,19.36,75024.27,2768557.33,3634686.67,46.55,2267241.07,2014432.8,253.6,1.4,0,41.13,0,13.92,0,0.64,0.04,1.4,0,1.4,0,0,82.26,0,0.71,1182.62,59912.67,1565.87,49771,0,550.67,542.85,374.61,380.78,0,0,0,0,N/A,N/A,N/A,N/A,0.13,165.07,0.01,0.01,0,0.07,0.27,0,0.11,0.03,0,99.6,5624189.33,7148325.6,341675.73,4.38,68834.67,1620341.87,5068808,64.92,775951.73,1198081.07,199.2,0.95,0,5.94,0,6.27,0,0.63,0.01,0.95,0,0.95,0,0,11.88,0,0.07,308.88,57026.8,1213.87,45340.33,0,271.22,280.23,197.88,181.98,0,0,0,0,13682.848461,140671,34771,84127,0.33,270.6,0.03,0.11,0.11,0,0.5,0,0.15,0,0,99.34,4484582.67,6355845.87,1125657.33,14.42,78939.73,1948943.73,2882783.73,36.92,1608215.73,1482504.53,430.4,1.19,0,20.4,0,17.64,0,2.23,0.07,1.19,0,1.19,0,0,40.79,0,0.23,322.63,59205.33,1280,49402.2,0,272.37,271.17,183.31,193.05,0,0,0,0
CBR SOAP Header Proxy,2G,100,10240,0,HTTP Request,159468,0,0,265.74,376.51,100,115.46,11,1088,409,503,595,607,695,795,5004.33,5027.17,,,,,,,,,99.96,2048,5813,0,0.47,779.13,1.2,0.9,0.67,0.13,8.77,0,2.41,0,0,88.82,3276640,5976722.13,1478740.27,18.94,75743.47,2769464.53,3651926.67,46.77,2231443.73,2015206.13,224,1.48,0,45.9,0,13.34,0,0.51,0.02,1.48,0,1.48,0,0,91.8,0,0.7,2541.31,60234.67,1536,49823.47,0,8533.41,8334.54,9521.94,9537.02,0,0,0,0,N/A,N/A,N/A,N/A,0,165.67,0.05,0.04,0,0.07,0.4,0,0.47,0,0,99.13,5394277.87,6918846.93,571197.33,7.32,69018.93,1620543.47,5075908,65.01,1005270.93,1198152.8,178.4,0.93,0,5.77,0,6.23,0,0.46,0.01,0.93,0,0.93,0,0,11.55,0,0.06,1371.24,57187.6,1230.93,45339.53,0,4118.16,4154.79,4781.08,4728.15,0,0,0,0,30152.732250,645847,64439,209753,0.13,271,0.19,0.17,0.11,0.07,1.33,0.06,0.93,0.01,0,97.67,4133862.4,6045980.53,1434562.93,18.37,79222.4,1988948.27,2893350.4,37.05,1880549.33,1558570.13,6538.93,2.27,0.2,255.33,0,53.04,0,0.8,0.06,2.27,0.01,2.26,0,0.41,510.65,0,0.63,1294.01,59374.4,1275.73,49526.87,0,4237.19,4378.57,4787.26,4786.76,0,0,0,0
CBR SOAP Header Proxy,2G,100,10240,1000,HTTP Request,58961,1,0,98.13,1017.29,99,32.97,1001,1209,1007,1087,1103,1103,1103,1199,1847.65,1856.36,,,,,,,,,99.98,2048,5817,0,0.47,781.07,0.21,0.43,0.61,0.07,3.75,0,1.01,0,0,95.23,3207022.13,5908584,1546304.8,19.8,76457.87,2770125.33,3647661.87,46.71,2302972.53,2015694.13,209.07,1.39,0,41.02,0,14.45,0,0.58,0.02,1.39,0,1.39,0,0,82.03,0,0.7,2162.15,60548,1518.93,49867,0,3311.52,3125.38,3644.62,3645.91,0,0,0,0,N/A,N/A,N/A,N/A,0.13,165.13,0.02,0.02,0,0.13,0.34,0,0.23,0,0,99.43,5605517.6,7130446.4,359509.6,4.6,69189.6,1620686.93,5073968,64.98,794531.47,1198150.67,193.33,0.93,0,5.79,0,6.25,0,0.9,0.01,0.93,0,0.93,0,0,11.58,0,0.06,600.85,57347.27,1203.2,45338.93,0,1492.31,1663.15,1826.92,1814.62,0,0,0,0,19970.401090,275255,50614,90790,0.2,270.27,0.05,0.05,0.06,0,0.61,0,0.32,0,0,99.07,4201482.93,6131355.2,1348501.87,17.27,79409.33,2006021.6,2891494.67,37.03,1773131.73,1597646.4,358.13,1.14,0,20.55,0,18.09,0,0.33,0.01,1.14,0,1.14,0,0,41.1,0,0.23,647.72,59533.33,1297.07,49653.33,0,1634.35,1649.68,1820.25,1831.34,0,0,0,0
CBR SOAP Header Proxy,2G,200,1024,0,HTTP Request,705320,0,0,1175.31,170.09,199,64.71,2,597,200,218,295,299,303,399,2160.09,2286.34,,,,,100,3925.5,,,99.89,2048,5811,0,2.8,780.73,0.99,1.33,1.91,0,8.24,0,2.86,0,0,88.9,3226733.33,5919636.8,1535928.8,19.67,70207.2,2768460.53,3641093.33,46.63,2286189.87,2014447.47,219.2,1.28,0,17.82,0,9.22,0,0.49,0.01,1.28,0,1.28,0,0,35.65,0,0.7,3621.89,59508.47,1721.6,49843.73,0,6392.09,6329.28,4365.1,4423.11,0,0,0,0,N/A,N/A,N/A,N/A,0.07,166.93,0.04,0.02,0,0,0.6,0,0.58,0,0,98.82,4985089.33,6510204,978321.87,12.53,68582.4,1621256,5087909.87,65.16,1410492.27,1199928.53,196.27,0.94,0,5.98,0,6.37,0,0.4,0.01,0.94,0,0.94,0,0,11.95,0,0.06,2031.09,56857.27,1331.2,45438.8,0,3168.31,3199.82,2295.36,2095.79,0,0,0,0,39507.291364,929985,157078,270647,0.8,373.47,0.26,0.21,0.11,0,3.04,0.06,1.59,0.2,0,95.1,4056182.13,6005202.4,1476051.73,18.9,78759.73,2026444.8,3025897.07,38.75,1886541.6,1626105.87,7840,2.65,0.21,381.44,0,110.48,0.03,19.37,0.46,2.65,0.01,2.64,0,0.42,762.89,0,0.75,1716.02,59075.4,1376,49337.27,0,3189.36,3194.98,2167.85,2269.92,0,0,0,0
CBR SOAP Header Proxy,2G,200,1024,1000,HTTP Request,117091,0,0,195,1025.01,199,39.79,1000,1211,1015,1103,1103,1103,1111,1199,358.39,379.33,,,,,,,,,99.97,2048,5808,0,0.2,778.53,0.26,0.46,1.01,0.2,2.45,0,0.66,0,0,96.88,3263825.07,5957629.6,1498264,19.19,70688.53,2768893.6,3646375.73,46.7,2248995.47,2015033.33,206.13,1.35,0,31.51,0,11.22,0,0.49,0.01,1.35,0,1.35,0,0,63.02,0,0.7,1655.11,59831.8,1721.6,49896.87,0,1114.06,1100.91,758.22,771.22,0,0,0,0,N/A,N/A,N/A,N/A,0.2,166.53,0.02,0.02,0,0,0.47,0,0.23,0,0,99.29,5480440.8,7006113.07,482365.87,6.18,68739.47,1621629.6,5083172,65.1,915978.93,1200175.47,213.33,0.97,0,6.16,0,6.37,0,0.48,0.01,0.97,0,0.97,0,0,12.33,0,0.07,522.56,57015.2,1297.07,45434.27,0,548.93,565.73,400.29,367.49,0,0,0,0,24911.978398,238971,29138,150202,0.33,372.33,0.07,0.13,0.14,0.07,0.77,0,0.3,0.06,0,98.87,4211787.73,6131206.93,1349909.6,17.29,78985.33,1996633.07,3007128,38.51,1756604.27,1600587.2,646.67,1.16,0,34.05,0,29.31,0.02,20.91,0.35,1.16,0,1.16,0,0,68.1,0,0.34,490.17,59206.8,1380.27,49450.53,0,551.3,547.6,370.34,390.12,0,0,0,0
CBR SOAP Header Proxy,2G,200,10240,0,HTTP Request,165940,0,0,276.47,723.19,199,211.23,96,1700,887,999,1095,1199,1287,1399,5206.47,5230.5,,,,,,,,,99.95,2048,5817,0,0.8,779.27,1.64,1.2,0.96,0.07,8.67,0,2.4,0,0,88.92,3275411.47,5971026.4,1484048.53,19.01,71163.73,2770098.67,3640118.67,46.62,2228591.47,2015698.4,212.8,1.25,0,17.91,0,10.03,0,0.37,0.01,1.25,0,1.25,0,0,35.81,0,0.7,2469.23,60140.67,1730.13,49942.27,0,8924.45,8580.17,9865.88,9876.23,0,0,0,0,N/A,N/A,N/A,N/A,0,166.53,0.09,0.06,0.02,0.13,0.42,0,0.5,0,0,99.08,5361734.67,6887846.67,600862.67,7.7,68942.13,1621893.07,5084624,65.12,1034526.67,1200302.67,193.07,0.95,0,5.85,0,6.16,0,0.39,0.01,0.95,0,0.95,0,0,11.7,0,0.06,1532.29,57177.27,1297.07,45433.73,0,4192.17,4364.45,4952.01,4904.78,0,0,0,0,31411.643738,712027,79450,217258,0,372.67,0.34,0.32,0.21,0,1.4,0,0.99,0.13,0,97.48,4088265.87,6024401.87,1456237.07,18.65,79235.73,2012854.93,3005436.8,38.49,1868474.4,1611393.33,606.4,1.4,0,45.63,0,33.95,0.05,40.02,0.59,1.4,0,1.4,0,0,91.25,0,0.35,1400.52,59317,1378.13,49549.67,0,4385.52,4557.52,4921.1,4958.14,0,0,0,0
CBR SOAP Header Proxy,2G,200,10240,1000,HTTP Request,118557,0,0,197.24,1012.21,199,29.76,1001,1373,1003,1039,1095,1103,1111,1207,3714.32,3731.49,,,,,,,,,99.96,2048,5817,0,0.53,778.67,0.43,0.83,1.05,0.07,6.65,0,2.04,0.01,0,91.3,3289204.8,5985926.13,1468621.6,18.81,71571.73,2770638.4,3643812.27,46.67,2220657.33,2016372,204.27,1.35,0,31.21,0,11.76,0,0.55,0.03,1.35,0,1.35,0,0,62.43,0,0.7,3507.37,60460.33,1719.47,49991.6,0,6597.79,6169.16,7292.97,7291.79,0,0,0,0,N/A,N/A,N/A,N/A,0,166.4,0.05,0.05,0.01,0.13,0.62,0,0.44,0,0,98.94,5447122.13,6973609.07,515059.47,6.6,69136.27,1622045.87,5088348,65.17,949335.2,1200340.8,194.93,0.95,0,5.9,0,6.22,0,0.5,0.01,0.95,0,0.95,0,0,11.8,0,0.07,1209.55,57338.6,1290.67,45435.53,0,2964.24,3293.17,3654.75,3629.54,0,0,0,0,36715.921412,556163,26556,168276,0,372.73,0.11,0.11,0.15,0.13,1,0,0.66,0.08,0,98.25,4072466.13,6019575.73,1460805.87,18.71,79444,2023317.6,3005464.53,38.49,1878940.8,1616256.27,510.4,1.16,0,34.13,0,29.19,0.01,15.87,0.23,1.16,0,1.16,0,0,68.26,0,0.34,1126.13,59429.27,1373.87,49652.87,0,3203.42,3303.15,3635.12,3661.63,0,0,0,0
CBR SOAP Header Proxy,2G,500,1024,0,HTTP Request,668703,0,0,1113.75,449.11,500,137.96,13,1294,507,607,699,791,803,991,2046.95,2166.59,,,,,99.99,3925.5,,,99.89,2048,5820,0,0.87,783.73,1.33,1.54,2.59,0.07,8.53,0,2.78,0,0,88.69,3228343.2,5919805.6,1534309.87,19.65,69603.73,2767652.27,3675960.8,47.08,2281309.07,2014425.6,176.27,1.23,0,12.41,0,7.83,0,0.4,0.01,1.23,0,1.23,0,0,24.82,0,0.67,3055.04,59588,2306.13,50492.47,0,5888.5,5962.29,4038.77,4145.89,0,0,0,0,N/A,N/A,N/A,N/A,0.13,165.4,0,0,0,0,0.53,0,0.57,0,0,98.89,5000110.93,6523553.87,967390.67,12.39,68325.07,1620146.13,5077088,65.02,1399112.53,1199022.93,202.67,0.98,0,6.22,0,6.3,0,0.39,0.01,0.98,0,0.98,0,0,12.44,0,0.06,1884.92,56830.13,1606.4,45668.67,0,2985.48,2944.2,2151.86,1940.35,0,0,0,0,36164.664365,853443,135151,264439,0.07,670.6,0.15,0.11,0.04,0,2.91,0,1.39,0.02,0,95.69,3979690.67,5910299.47,1567464.27,20.07,78744,2008155.2,3294181.6,42.19,2023752.8,1546785.33,2906.13,1.68,0,155.52,0,91.13,0,2.78,0.09,1.68,0,1.68,0,0,311.03,0,0.67,1646.44,59124,1651.2,49711.27,0,2978.3,2945.77,1994.92,2099.33,0,0,0,0
CBR SOAP Header Proxy,2G,500,1024,1000,HTTP Request,293402,0,0,488.06,1023.46,499,42.21,1000,1501,1011,1103,1103,1111,1191,1255,897,949.43,,,,,0,3925.5,,,99.94,2048,5816,0,0,783.73,0.4,0.57,1.29,0.13,5.04,0,1.73,0,0,93.22,3263076,5956048,1497776.8,19.18,70086.93,2768441.07,3681156.27,47.14,2247107.2,2014975.73,197.6,1.32,0,18.86,0,9.01,0,0.44,0.01,1.32,0,1.32,0,0,37.73,0,0.7,3495.44,59910.4,2299.73,50537.4,0,2768.04,2747.96,1887.54,1924.87,0,0,0,0,N/A,N/A,N/A,N/A,0.27,165.13,0.06,0.05,0.01,0.07,1.26,0,0.58,0,0,98.15,5151858.13,6676036.8,814376.8,10.43,68510.4,1620538.67,5073100,64.97,1247042.4,1199265.33,184.53,1.04,0,6.17,0,5.97,0,0.32,0.01,1.04,0,1.04,0,0,12.35,0,0.06,1255.07,56992.8,1585.07,45665.73,0,1369.67,1399.67,999.13,912.43,0,0,0,0,65216.815934,583496,72087,247371,0.53,671,0.12,0.14,0.09,0,1.44,0,0.64,0.01,0,97.91,4021356,5941789.07,1535769.07,19.67,79006.4,1997598.93,3293664,42.18,1997368.27,1531297.6,998.4,1.32,0,74.76,0,56.43,0,4.74,0.09,1.32,0,1.32,0,0,149.52,0,0.68,1079.13,59232.67,1653.33,49805.33,0,1378.3,1368.34,925.64,974.99,0,0,0,0
CBR SOAP Header Proxy,2G,500,10240,0,HTTP Request,158365,0,0,263.41,1894.98,499,573.64,314,4290,2303,2607,2895,3119,3311,3903,4960.5,4983.4,,,,,,,,,99.94,2048,5820,0,0.27,780.6,2.04,1.9,1.49,0,8.84,0,2.43,0,0,88.73,2333189.87,5027322.67,2426552.27,31.08,70530.67,2769213.33,3678622.4,47.11,3157704.27,2015555.2,109.07,1.33,0,19.49,0,9.02,0,0.47,0.01,1.33,0,1.33,0,0,38.97,0,0.7,2241.68,60227,2293.33,50589.6,0,8485.3,8076.46,9305.48,9306.66,0,0,0,0,N/A,N/A,N/A,N/A,0.07,165.4,0.01,0.01,0,0,0.41,0,0.5,0,0,99.09,5382508.53,6907124,583564.27,7.47,68706.93,1620801.07,5076224,65.01,1016714.93,1199393.6,216.8,0.95,0,5.88,0,6.18,0,0.43,0.01,0.95,0,0.95,0,0,11.76,0,0.06,1465.06,57150.87,1604.27,45672.6,0,3943.12,4157.53,4667.26,4625.31,0,0,0,0,29728.411551,683015,74906,212798,0.2,670.73,0.15,0.13,0.1,0.07,1.31,0,0.92,0,0,97.77,4023605.33,5944107.47,1533339.2,19.64,79272,1997270.4,3301070.93,42.28,2000753.33,1525688,606.13,1.18,0,42.53,0,35.41,0,1.43,0.04,1.18,0,1.18,0,0,85.05,0,0.67,1361.02,59340.8,1661.87,49899.8,0,4132.95,4328.57,4638.48,4681.07,0,0,0,0
CBR SOAP Header Proxy,2G,500,10240,1000,HTTP Request,153778,0,0,255.83,1950.8,499,341.82,1094,3709,2191,2399,2511,2719,2991,3311,4817.75,4839.99,,,,,,,,,99.94,2048,5808,0,0.07,780.4,2.76,2.62,2.25,0.07,8.87,0,2.37,0,0,88.76,2350067.2,5045644.53,2407724.8,30.84,70906.13,2770184.53,3679594.4,47.12,3148999.2,2016372.53,215.73,1.35,0,30.92,0,12.63,0,0.56,0.02,1.35,0,1.35,0,0,61.83,0,0.71,2305.67,60545.67,2284.8,50617.67,0,8407.76,7781.93,8998.37,8990.35,0,0,0,0,N/A,N/A,N/A,N/A,0.27,165.07,0.04,0.04,0,0.07,0.77,0,0.58,0,0,98.65,5386130.4,6911014.67,579667.2,7.42,68881.6,1620936,5076356,65.01,1013376.53,1199403.47,195.2,0.98,0,6.02,0,6.18,0,0.44,0.01,0.98,0,0.98,0,0,12.03,0,0.06,1587.67,57313.73,1619.2,45659.07,0,3796.8,4200.48,4510.16,4478.14,0,0,0,0,48326.666614,748591,73368,212023,0.4,670.47,0.69,0.62,0.38,0,1.29,0,0.89,0,0,97.82,4041691.73,5976519.47,1500646.93,19.22,79480.27,2011108.27,3305599.47,42.34,1974081.6,1533870.93,506.4,1.39,0,42.07,0,31.71,0,0.45,0.01,1.39,0,1.39,0,0,84.14,0,0.73,1300.64,59454.47,1651.2,50000.27,0,3983.42,4207.68,4477.05,4521.08,0,0,0,0
CBR Transport Header Proxy,2G,100,1024,0,HTTP Request,1045713,0,0,1742.56,57.32,99,43.57,0,290,94,98,100,102,105,192,3158.39,3396.63,,,,,100,3925.5,,,99.87,2048,5817,0,0,779.33,0.65,0.49,0.46,0.07,7.28,0,3.83,0,0,88.88,3230634.67,5934279.73,1520322.13,19.47,77093.6,2771516.27,3644572.27,46.68,2277870.4,2016638.67,178.13,1.37,0,30.62,0,12.12,0,0.51,0.02,1.37,0,1.37,0,0,61.24,0,0.7,4936.54,60866.67,1510.4,49916.53,0,9397.78,9261.92,6387.14,6432.52,0,0,0,0,N/A,N/A,N/A,N/A,0.07,165.2,0.05,0.02,0.01,0.13,0.79,0,0.78,0,0,98.42,4926001.33,6451717.07,1038171.2,13.3,69363.2,1621264.53,5077148,65.02,1471759.47,1198601.87,167.73,0.96,0,6.03,0,6.31,0,0.87,0.01,0.96,0,0.96,0,0,12.07,0,0.07,2773.99,57509.73,1184,45340.6,0,4626.87,4693.99,3336.06,3036.72,0,0,0,0,56603.601334,1313822,250257,269928,0.67,270.87,0.35,0.26,0.15,0,3.76,0,2.03,0.03,0,94.19,3980364.27,6019597.6,1458942.67,18.68,79633.07,2113796,2889864,37.01,1889191.2,1699415.2,3322.4,1.95,0,235.87,0,115.67,0,4.04,0.11,1.95,0,1.95,0,0,471.74,0,0.23,2823.06,59642.33,1286.4,49751.73,0,4627.6,4696.21,3091.14,3345.19,0,0,0,0
CBR Transport Header Proxy,2G,100,1024,1000,HTTP Request,59122,0,0,98.39,1015.25,99,31.94,1000,1199,1003,1087,1103,1103,1103,1199,178.33,191.79,,,,,,,,,99.98,2048,5813,0,0.07,780.4,0.1,0.27,0.39,0.13,1.41,0,0.33,0,0,98.25,3275536,5979887.47,1474751.73,18.89,77694.4,2771526.67,3652325.07,46.78,2233254.13,2016762.67,207.2,1.45,0,45.31,0,14.75,0,0.44,0.02,1.45,0,1.45,0,0,90.63,0,0.7,1084.31,61185.47,1540.27,49962.4,0,554.69,547.83,375.43,379.37,0,0,0,0,N/A,N/A,N/A,N/A,0.13,165.47,0.01,0.02,0,0.07,0.25,0,0.1,0,0,99.65,5625311.2,7151530.4,338401.87,4.33,69565.07,1621526.93,5073812,64.98,773904,1198743.73,184,0.93,0,5.87,0,6.29,0,0.53,0.01,0.93,0,0.93,0,0,11.74,0,0.07,274.36,57670.93,1198.93,45340.2,0,273.48,281.74,197.06,180.57,0,0,0,0,12342.244440,123909,35616,83179,0.4,270.47,0,0.05,0.1,0.07,0.5,0,0.16,0.01,0,99.33,4379309.33,6350978.93,1128232,14.45,79859.73,2046536.53,2886454.93,36.97,1566013.07,1625840,308,1.15,0,21.02,0,18.46,0,0.57,0.01,1.15,0,1.15,0,0,42.02,0,0.24,331.1,59751.93,1265.07,49851.4,0,274.61,273.2,182.38,194.94,0,0,0,0
CBR Transport Header Proxy,2G,100,10240,0,HTTP Request,587139,0,0,978.41,102.12,99,37.08,1,302,103,125,188,192,194,200,18400.54,18514.25,,,,,99.99,3925.5,,,99.9,2048,5824,0,1.13,779.87,0.5,0.43,0.35,0,5.94,0,5.73,0,0,88.33,3235230.67,5941092.8,1512857.87,19.38,78251.47,2772362.13,3649806.67,46.74,2267481.6,2017443.2,193.07,1.34,0,31.17,0,11.37,0,0.43,0.02,1.34,0,1.34,0,0,62.34,0,0.7,4580.92,61503.53,1529.6,50012.87,0,30368.83,28311.16,34878.29,34743.89,0,0,0,0,N/A,N/A,N/A,N/A,0.07,165.13,0.08,0.06,0.02,0.2,1.07,0,1.47,0,0,97.45,4997431.73,6524146.67,965811.73,12.37,69748.53,1621791.73,5072932,64.97,1400338.13,1198885.07,175.47,0.94,0,5.88,0,6.25,0,0.59,0.01,0.94,0,0.94,0,0,11.76,0,0.06,3602.3,57831.07,1218.13,45341.67,0,14340.75,14857.22,17460.31,17319.65,0,0,0,0,87231.561633,1671171,205848,267020,0.73,270.8,0.3,0.21,0.13,0,3.39,0,2.77,0.02,0,93.82,3918508,5956656.27,1521622.67,19.49,80100.53,2112095.47,2885717.07,36.96,1965422.93,1684638.67,1680,1.6,0,140.34,0,84.81,0.01,4.81,0.11,1.6,0,1.6,0,0,280.68,0,0.23,3797.07,59867,1269.33,49957,0,13967.32,15507.92,17279.54,17554.58,0,0,0,0
CBR Transport Header Proxy,2G,100,10240,1000,HTTP Request,59119,0,0,98.4,1015.49,99,28.36,1000,1196,1011,1079,1095,1103,1103,1111,1850.29,1861.96,,,,,,,,,99.98,2048,5804,0,0,780.2,0.2,0.32,0.37,0.07,1.6,0,0.85,0,0,97.54,3278761.07,5986516,1467428.53,18.79,78743.73,2773630.13,3646242.4,46.7,2227305.07,2018526.93,249.07,1.32,0,31.37,0,12.61,0,0.54,0.02,1.32,0,1.32,0,0,62.74,0,0.7,1620.27,61821,1563.73,50058.8,0,3363.06,3182.11,3675.78,3674.83,0,0,0,0,N/A,N/A,N/A,N/A,0,165.6,0.01,0.01,0,0.07,0.37,0,0.25,0,0,99.38,5593898.67,7121215.47,368515.2,4.72,69934.13,1622174.67,5072888,64.97,804675.47,1199137.07,204,0.96,0,6.12,0,6.42,0,0.51,0.01,0.96,0,0.96,0,0,12.25,0,0.06,598.63,57994.6,1228.8,45343.6,0,1518.8,1698.19,1839.48,1827.48,0,0,0,0,20818.496222,274376,30717,96246,0,270.33,0.04,0.08,0.11,0.13,0.6,0,0.34,0.01,0,99.05,4096565.87,6105344.8,1373073.87,17.59,80327.47,2082474.67,2896520,37.1,1824516.53,1647980.53,356.53,1.19,0,21.29,0,18.06,0,5.31,0.06,1.19,0,1.19,0,0,42.59,0,0.23,630.21,59976.27,1273.6,50056.4,0,1662.14,1663.46,1833.62,1846.58,0,0,0,0
CBR Transport Header Proxy,2G,200,1024,0,HTTP Request,1078766,0,0,1797.61,111.17,199,47.63,1,395,107,191,195,199,201,291,3258.17,3505.7,,,,,100,3925.5,,,99.85,2048,5813,0,0,780.07,0.78,0.67,0.73,0,7.27,0,4.13,0,0,88.6,3238633.87,5936932,1517574.13,19.44,71941.33,2771793.33,3647776.27,46.72,2269647.2,2017111.2,202.4,1.24,0,18.11,0,8.9,0,0.57,0.01,1.24,0,1.24,0,0,36.22,0,0.7,4984.27,60774.27,1736.53,50037,0,9961.83,9718.63,6746.14,6726.62,0,0,0,0,N/A,N/A,N/A,N/A,0.07,166.47,0.07,0.05,0.01,0.07,0.8,0,0.78,0,0,98.41,4909460.8,6436757.6,1051713.07,13.47,69325.33,1622614.13,5083792,65.11,1484872.27,1200768,185.07,0.97,0,6.22,0,6.38,0,0.42,0.01,0.97,0,0.97,0,0,12.45,0,0.07,2970.99,57496.47,1312,45434.07,0,4864.33,4987.25,3492.08,3208.02,0,0,0,0,56390.270357,1354762,235049,269412,0,372.87,0.68,0.44,0.27,0.13,4.33,0,2.23,0.12,0,93.32,3900844.27,5960612.53,1518238.93,19.44,79677.87,2134316.53,3007680,38.52,1942252,1721232,4017.6,2.04,0.61,258.48,0,121.14,0.04,20.2,0.51,2.04,0.01,2.03,0,1.22,516.97,0,0.34,2608.36,59536.27,1373.87,49751,0,4858.51,4978.88,3237.25,3541.1,0,0,0,0
CBR Transport Header Proxy,2G,200,1024,1000,HTTP Request,117408,0,0,195.44,1022.43,199,37.25,1000,1210,1011,1095,1103,1103,1103,1199,354.24,381.15,,,,,,,,,99.97,2048,5824,0,0.07,779.6,0.07,0.2,0.43,0.2,1.74,0,0.6,0,0,97.65,3233685.6,5932439.47,1521815.47,19.49,72321.33,2771877.87,3653724,46.79,2274656.8,2017367.47,241.6,1.24,0,18.84,0,10.3,0,0.33,0.01,1.24,0,1.24,0,0,37.69,0,0.7,1489.75,61098.27,1717.33,50085.27,0,1108.86,1092.87,749.35,755.99,0,0,0,0,N/A,N/A,N/A,N/A,0.07,166.47,0.04,0.04,0,0.13,0.5,0,0.23,0,0,99.26,5485109.6,7012879.73,475562.67,6.09,69505.07,1622876.53,5085560,65.13,910395.2,1200913.33,198.93,0.94,0,6.03,0,6.4,0,0.45,0.01,0.94,0,0.94,0,0,12.06,0,0.07,479.85,57660.6,1314.13,45434.8,0,545.09,564.99,392.64,360.9,0,0,0,0,26625.689317,221638,33847,152851,0,372.33,0.03,0.09,0.17,0,0.76,0,0.29,0.12,0,98.83,4144695.2,6136755.73,1342670.67,17.2,79906.13,2066803.73,3000680,38.43,1773851.47,1647350.13,645.07,1.15,0,35.03,0,30.51,0.03,35.43,0.48,1.15,0,1.15,0,0,70.05,0,0.34,487.43,59649.67,1358.93,49852.27,0,547.92,543.99,363.35,388.46,0,0,0,0
CBR Transport Header Proxy,2G,200,10240,0,HTTP Request,582213,0,0,970.02,206.12,199,54.37,1,507,208,291,297,301,305,395,18242.88,18356.56,,,,,99.99,3925.5,,,99.87,2048,5815,0,1,779.07,0.52,0.4,0.35,0.07,5.85,0,6.01,0,0,88.13,3228420.8,5928749.6,1524861.87,19.53,72711.2,2772791.47,3652039.2,46.77,2269726.4,2018113.33,227.47,1.32,0,31.21,0,12.98,0,0.54,0.01,1.32,0,1.32,0,0,62.43,0,0.7,4318.06,61409.67,1715.2,50123.47,0,29507.1,28924.46,33919.83,33809.01,0,0,0,0,N/A,N/A,N/A,N/A,0.07,166.4,0.06,0.04,0.01,0.07,0.96,0,1.52,0,0,97.51,4989820.8,6518098.13,970297.6,12.43,69694.67,1623145.33,5086688,65.14,1404464.53,1201043.47,205.07,0.95,0,5.97,0,6.29,0,0.49,0.01,0.95,0,0.95,0,0,11.93,0,0.07,3626.99,57821.47,1301.33,45433.67,0,14459.22,14397.68,16972.28,16820.4,0,0,0,0,82896.752946,1688208,192189,272433,0.4,372.87,0.37,0.29,0.19,0.13,3.66,0,3.05,0.14,0,93.15,3908184.27,5959622.93,1519002.93,19.46,80131.47,2125307.2,3005721.33,38.49,1956886.4,1699106.93,1530.93,1.53,0,136.26,0,84.89,0.03,27.04,0.43,1.53,0,1.53,0,0,272.51,0,0.34,3538.74,59759.27,1373.87,49950.33,0,14465.7,15109.92,16837.07,17099.84,0,0,0,0
CBR Transport Header Proxy,2G,200,10240,1000,HTTP Request,117587,1,0,195.68,1018.75,199,33.8,2,1205,1011,1087,1095,1103,1103,1199,3679.94,3702.89,,,,,,,,,99.96,2048,5816,0,0,775.69,0.11,0.19,0.27,0.12,2.38,0,1.64,0,0,95.98,3289129.25,5991064,1462011.25,18.72,73047.25,2773961.75,3648659,46.73,2216083.75,2019119.75,233.5,1.37,0,42.9,0,13.99,0,0.51,0.02,1.37,0,1.37,0,0,85.8,0,0.67,2218.81,61726,1718,50158.06,0,6552.85,6122.5,7126.56,7119.39,0,0,0,0,N/A,N/A,N/A,N/A,0,166.4,0.03,0.03,0,0.13,0.63,0,0.48,0,0,98.89,5447969.6,6976900.27,511350.13,6.55,69924.27,1623534.67,5080520,65.07,946837.07,1201303.73,190.93,0.92,0,5.92,0,6.47,0,0.46,0.01,0.92,0,0.92,0,0,11.85,0,0.07,1126.5,57980.93,1294.93,45430.07,0,2959.99,3305.74,3581.76,3558.35,0,0,0,0,38700.013482,529450,45819,167875,0.07,372.87,0.05,0.1,0.15,0.07,1.04,0,0.66,0.14,0,98.15,4008849.6,6039046.4,1439492.8,18.44,80313.6,2103794.4,3006742.4,38.51,1884881.07,1670533.6,546.93,1.13,0,34.34,0,30.05,0.03,30.12,0.39,1.13,0,1.13,0,0,68.68,0,0.34,1078.55,59872.27,1371.73,50052,0,3186.16,3271.62,3563.62,3594.2,0,0,0,0
CBR Transport Header Proxy,2G,500,1024,0,HTTP Request,1076480,0,0,1793.23,278.96,500,78.09,13,999,305,393,401,475,493,591,3250.24,3497.16,,,,,100,3925.5,,,99.84,2048,5827,0,0.12,784.19,0.84,0.98,1.49,0.19,7.51,0,4.01,0,0,88.48,3251743.5,5948592.5,1503883.25,19.26,71300.25,2770965.75,3677217.5,47.1,2253325,2016983,196.5,1.44,0,43.4,0,13.07,0,0.74,0.03,1.44,0,1.44,0,0,86.8,0,0.67,4286.62,60862.88,2242,50628,0,9147.66,9269.08,6242.14,6363.72,0,0,0,0,N/A,N/A,N/A,N/A,0,165.33,0.07,0.04,0.01,0.07,0.78,0,0.96,0,0,98.26,4938502.13,6464148.8,1026800.53,13.15,69068,1621522.13,5077512,65.03,1459645.33,1199859.47,182.4,0.99,0,5.86,0,5.94,0,0.33,0.01,0.99,0,0.99,0,0,11.73,0,0.07,2872.33,57473.13,1595.73,45652.13,0,4630.03,4561.83,3295.59,2967.85,0,0,0,0,54636.793055,1346396,220540,269824,0,670.27,0.3,0.29,0.31,0.07,4.3,0,2.12,0.02,0,93.56,3901277.07,5937251.2,1538252.53,19.7,79688.27,2110668.53,3304784,42.32,2017779.47,1627384.53,4576,2.04,0,240.18,0,112.2,0,3.12,0.1,2.04,0,2.04,0,0.01,480.38,0,0.67,2420.63,59564.8,1634.13,50096.67,0,4619.54,4567.04,3054.79,3262.47,0,0,0,0
CBR Transport Header Proxy,2G,500,1024,1000,HTTP Request,294039,0,0,489.2,1021.52,499,36.75,1000,1297,1011,1095,1103,1103,1111,1199,886.67,954.04,,,,,0,3925.5,,,99.94,2048,5813,0,0.13,784.6,0.19,0.28,0.7,0.13,3.07,0,1.64,0,0,95.28,3215534.4,5913469.87,1539657.6,19.72,71741.6,2771461.6,3677257.6,47.09,2291205.07,2017339.73,141.07,1.22,0,10.43,0,6.66,0,0.54,0.02,1.22,0,1.22,0,0,20.86,0,0.52,3251.08,61180.6,2301.87,50757.33,0,2883.22,2857.3,1953.04,1975.69,0,0,0,0,N/A,N/A,N/A,N/A,0,165.07,0.05,0.04,0.01,0.07,1.26,0,0.6,0,0,98.14,5118771.73,6644954.13,845597.6,10.83,69241.33,1621792.53,5071568,64.95,1279285.07,1200010.13,196,0.98,0,5.78,0,5.87,0,0.41,0.01,0.98,0,0.98,0,0,11.57,0,0.06,1139.31,57635.8,1623.47,45681,0,1424.38,1462.37,1026.32,938.15,0,0,0,0,64076.092406,514079,76841,244981,0.07,670.8,0.15,0.28,0.34,0,1.58,0,0.69,0,0,97.73,3893666.4,5895049.6,1580572.27,20.24,79901.07,2076062.67,3307369.6,42.36,2065742.13,1586400.53,924.8,1.44,0,80.15,0,55.94,0,0.61,0.02,1.44,0,1.44,0,0,160.29,0,0.67,1116.94,59681.8,1655.47,50230.2,0,1432.69,1420.61,949.15,1014.55,0,0,0,0
CBR Transport Header Proxy,2G,500,10240,0,HTTP Request,534656,0,0,890.11,561.71,499,109.18,209,1290,607,703,783,803,887,995,16739.97,16844.28,,,,,99.99,3925.5,,,99.84,2048,5813,0,0.13,785.6,0.5,0.42,0.46,0.07,5.78,0,6.47,0,0,87.75,3243626.4,5943197.87,1509161.87,19.33,72045.6,2772668.27,3681960,47.15,2239369.87,2018110.4,128,1.28,0,11.11,0,7.16,0,0.39,0.01,1.28,0,1.28,0,0,22.23,0,0.52,3963.34,61487.13,2321.07,50797.13,0,28614.12,28072.37,31541.66,31592.36,0,0,0,0,N/A,N/A,N/A,N/A,0.4,165.47,0.09,0.08,0.03,0.13,1,0,1.6,0,0,97.41,4987188.8,6513869.87,976658.67,12.51,69430.4,1622056.27,5076456,65.02,1410194.93,1200138.13,186.67,0.99,0,5.78,0,5.88,0,0.38,0.01,0.99,0,0.99,0,0,11.55,0,0.07,4146.96,57794.93,1621.33,45675.2,0,13865.96,13820.06,15847.49,15657.43,0,0,0,0,80938.036456,1869944,221292,273291,0.53,670.67,0.43,0.34,0.29,0,3.63,0,3.03,0.01,0,93.33,3801599.47,5840701.33,1634345.07,20.93,80122.13,2113047.2,3302512,42.3,2126756,1616629.87,1887.2,1.58,0,132.34,0,83.96,0,1.95,0.05,1.58,0,1.58,0,0,264.68,0,0.68,4058.69,59791.67,1670.4,50324.4,0,14197.34,14783.68,15734.61,15872.95,0,0,0,0
CBR Transport Header Proxy,2G,500,10240,1000,HTTP Request,295370,1,0,491.37,1016.42,499,32.21,1000,1291,1007,1087,1095,1103,1103,1199,9240.98,9298.6,,,,,0,3925.5,,,99.9,2048,5802,0,0.87,783.53,0.4,0.43,0.45,0.07,4.24,0,4.46,0,0,91.29,3227220.27,5928682.93,1523533.6,19.51,72362.13,2774116,3686632,47.22,2276045.87,2019433.07,184.8,1.28,0,16.24,0,8.6,0,0.46,0.01,1.28,0,1.28,0,0,32.48,0,0.53,4845.16,61807.33,2325.33,50837.47,0,17248.09,15927.71,18628.27,18596.86,0,0,0,0,N/A,N/A,N/A,N/A,0.2,165.33,0.12,0.12,0.07,0.13,1.56,0,1.2,0,0,97.24,5099691.73,6626964,863492.53,11.06,69625.07,1622417.07,5075464,65,1297745.6,1200374.13,160,0.95,0,5.83,0,6.15,0,0.44,0.01,0.95,0,0.95,0,0,11.64,0,0.06,2949.49,57955.93,1589.33,45670.87,0,7670.97,8632.97,9321.73,9265.81,0,0,0,0,94231.926010,1345325,108051,247601,0.07,670.53,0.14,0.17,0.21,0,2.15,0,1.67,0.01,0,96.17,3830756.53,5872303.73,1603096.8,20.53,80293.87,2115184,3300064.8,42.26,2102857.6,1611697.87,1559.73,1.35,0,80.77,0,59.23,0,0.84,0.03,1.35,0,1.35,0,0,161.54,0,0.67,2733.28,59903,1649.07,50421.87,0,8262.37,8621.05,9281.35,9368.74,0,0,0,0
Direct Proxy,2G,100,1024,0,HTTP Request,1063065,0,0,1771.81,56.38,99,43.57,1,296,94,97,100,102,105,192,3211.41,3432.89,,,,,100,3925.5,,,99.87,2048,5835,0,0.87,775,0.74,0.57,0.34,0.07,7.18,0,4.06,0,0,88.76,3297096.27,5969340.27,1495637.87,19.15,64938.13,2755020.53,3612140.8,46.26,2127659.47,2115418.13,59.73,1.09,0.21,10.63,0,7.34,0,0.41,0.01,1.09,0.05,1.05,0,0.43,21.26,0,0.54,5407.48,55595.4,1550.93,49057.53,0,10012.81,9871.35,6784.95,6855.82,0,0,0,0,N/A,N/A,N/A,N/A,0.33,164.2,0.11,0.08,0.08,0.13,0.86,0,0.85,0,0,98.28,4884716.27,6400419.2,1091833.07,13.98,65942.93,1615532,5073724.8,64.98,1496800.8,1218050.4,52.8,0.94,0.16,5.62,0,6.16,0,0.84,0.01,0.94,0.04,0.9,0,0.32,11.24,0,0.08,2925.86,54783.2,1226.67,45248,0,4938.4,5011.56,3560.62,3241.76,0,0,0,0,56740.463729,1329258,239899,268676,0.53,275.4,0.57,0.51,0.32,0,3.91,0,2.12,0.02,0,93.95,4165947.47,5965798.67,1520407.2,19.47,75479.73,1883662.93,2894387.73,37.07,1957551.73,1457752.53,2944.8,2.03,0.16,238.81,0,117.31,0,2.2,0.07,2.03,0.04,1.99,0,0.32,477.61,0,0.25,3039.23,57590.87,1284.27,48018.6,0,4938.58,5006.97,3298.97,3546.98,0,0,0,0
Direct Proxy,2G,100,1024,1000,HTTP Request,59153,0,0,98.43,1015.22,99,31.79,1000,1323,1003,1087,1103,1103,1103,1103,178.41,190.72,,,,,,,,,99.98,2048,5813,0,0.13,778.33,0.07,0.2,0.3,0.07,1.15,0,0.35,0,0,98.5,3299243.2,5974829.33,1487448,19.05,66045.33,2756493.33,3621408.53,46.38,2196838.13,2040669.6,46.67,1.05,0,10.71,0,7.37,0,0.42,0.01,1.05,0,1.05,0,0,21.42,0,0.53,1189.61,56084.8,1531.73,49205.53,0,571.03,564.51,385.58,391.02,0,0,0,0,N/A,N/A,N/A,N/A,0.13,164.07,0.02,0.03,0.05,0.13,0.3,0,0.12,0,0,99.58,5618182.4,7135342.93,355712.8,4.56,66214.4,1616405.6,5064128,64.86,767862.67,1213625.87,50.4,0.82,0,5.25,0,6.39,0,0.86,0.01,0.82,0,0.82,0,0,10.5,0,0.06,314.49,55095.13,1181.87,45347.13,0,282.13,289.95,203.28,185.99,0,0,0,0,14329.425274,139249,32113,83080,0.13,270.47,0.04,0.07,0.15,0.07,0.51,0,0.16,0.01,0,99.32,4593005.07,6317441.6,1168684.53,14.97,75844.27,1808465.6,2885088,36.95,1610917.87,1378925.87,270.93,1.04,0,19.76,0,19.37,0,3.29,0.04,1.04,0,1.04,0,0,39.51,0,0.23,353.51,57864.8,1245.87,48185.4,0,283.09,281.79,188.13,199.98,0,0,0,0
Direct Proxy,2G,100,10240,0,HTTP Request,590968,0,0,984.95,101.44,99,37.25,0,388,103,113,188,192,194,200,18523.6,18626.52,,,,,99.99,3925.5,,,99.9,2048,5824,0,0.47,776.13,0.42,0.34,0.27,0.07,5.75,0,5.77,0,0,88.48,3267115.47,5944668.8,1516300.53,19.42,66965.6,2757406.13,3622132.53,46.39,2252907.2,2010890.93,61.87,1.1,0,11.46,0,8.14,0,0.39,0.01,1.1,0,1.1,0,0.01,22.93,0,0.67,4657.22,56405.2,1538.13,49252.73,0,31117.13,28959.18,35701.15,35567.44,0,0,0,0,N/A,N/A,N/A,N/A,0.4,164.87,0.08,0.06,0.02,0.07,1.03,0,1.48,0.01,0,97.48,4990554.13,6508258.4,982876.53,12.59,66445.87,1616670.93,5074582.67,65,1411084.8,1196716.8,48.27,0.86,0,5.43,0,6.3,0,0.8,0.01,0.86,0,0.86,0,0.01,10.87,0,0.07,3632.69,55257.07,1211.73,45347.6,0,14643.67,15202.76,17850.63,17708.39,0,0,0,0,86708.456174,1651281,189331,263944,0.47,270.47,0.17,0.16,0.13,0.07,3.55,0,2.86,0.01,0,93.57,4161169.87,5944414.93,1540511.73,19.73,76097.07,1866345.33,2890740,37.02,1984283.2,1434865.07,2665.87,1.56,0.61,134.44,0,85,0,1.1,0.04,1.56,0.01,1.55,0,1.23,268.89,0,0.24,3863.06,57979.93,1282.13,48289.53,0,14291.57,15887.81,17687.3,17961.78,0,0,0,0
Direct Proxy,2G,100,10240,1000,HTTP Request,59030,0,0,98.24,1017.67,99,30.43,1000,1215,1011,1079,1095,1103,1103,1111,1847.39,1857.87,,,,,,,,,99.98,2048,5811,0,0.33,777.4,0.08,0.13,0.2,0.07,1.29,0,0.86,0,0,97.84,3278455.47,5958338.67,1501902.93,19.23,67892.8,2758632.53,3630079.73,46.49,2245760,2010013.87,46.67,1.16,0,17.98,0,9.61,0,0.46,0.01,1.16,0,1.16,0,0,35.96,0,0.67,1551.59,56718.87,1563.73,49293,0,3381.14,3204.22,3690.08,3690.55,0,0,0,0,N/A,N/A,N/A,N/A,0.27,165.13,0.03,0.04,0.02,0.2,0.36,0,0.26,0,0,99.38,5604582.67,7122892.8,368103.2,4.71,66642.93,1617060.53,5069767.2,64.93,798286.13,1196757.33,102.13,0.87,0,5.46,0,6.31,0,0.59,0.01,0.87,0,0.87,0,0,10.91,0,0.06,606.08,55416.73,1211.73,45344.53,0,1536.01,1714.03,1849.54,1837.4,0,0,0,0,21006.428923,276652,32411,93003,0.2,270.6,0.04,0.06,0.09,0,0.61,0,0.33,0,0,99.06,4359579.2,6109111.2,1375520.8,17.62,76344.27,1832386.67,2882276.8,36.91,1821324.53,1399529.33,272.53,1.02,0,19.5,0,19.03,0,0.33,0.01,1.02,0,1.02,0,0,39.01,0,0.23,624.56,58085.33,1284.27,48384.47,0,1668.44,1667.38,1841.12,1852.88,0,0,0,0
Direct Proxy,2G,200,1024,0,HTTP Request,1114171,0,0,1856.63,107.46,199,46.64,0,389,106,190,193,197,199,226,3365.15,3599.04,,,,,100,3925.5,,,99.83,2048,5828,0,0.33,774.13,0.63,0.49,0.28,0.07,7.11,0,4.3,0,0,88.58,3263697.07,5935935.73,1528125.87,19.57,64789.6,2755267.2,3611905.33,46.26,2159246.67,2116057.07,55.73,1.31,0.21,30.71,0,11.66,0,0.44,0.01,1.31,0.05,1.26,0,0.43,61.43,0,0.72,5562.54,55524.73,1719.47,49165.07,0,10334.77,10073.19,6974.76,6971.49,0,0,0,0,N/A,N/A,N/A,N/A,0.33,165.8,0.04,0.03,0.02,0,0.82,0,0.86,0,0,98.31,4908808.8,6426345.33,1064344.53,13.63,66116.53,1616870.67,5091972.8,65.22,1469549.33,1220164,56.8,0.91,0.16,5.64,0,6.34,0,0.49,0.01,0.91,0.04,0.87,0,0.32,11.28,0,0.08,3040.3,54771.73,1333.33,45334,0,5043.36,5179.18,3619.97,3329.24,0,0,0,0,57960.468271,1423224,252899,266276,1.67,379.07,1.55,1.29,0.74,0.07,4.49,0,2.35,0.36,0,92.8,4169197.6,5969633.33,1517318.4,19.43,75547.2,1884522.67,3010533.6,38.56,1948861.07,1459651.47,4055.47,3.93,0.16,729.97,0,185.59,0.14,39.57,1.12,3.93,0.04,3.89,0,0.32,1459.93,0,0.37,2750.22,57486.47,1376,48010.4,0,5028.64,5154.42,3350.67,3644.53,0,0,0,0
Direct Proxy,2G,200,1024,1000,HTTP Request,117751,0,0,196.04,1019.71,199,34.82,1000,1234,1007,1095,1103,1103,1103,1191,355.33,380.03,,,,,,,,,99.97,2048,5817,0,0.07,774.73,0.1,0.2,0.26,0.2,1.86,0,0.61,0,0,97.52,3281505.6,5956890.4,1504583.47,19.27,65817.07,2756799.47,3606687.2,46.19,2214264,2040535.2,91.47,1.22,0,30.87,0,13.01,0,0.52,0.03,1.22,0,1.22,0,0,61.75,0,0.71,1492.48,56020.87,1734.4,49311.27,0,1101.46,1086.52,742.42,751.54,0,0,0,0,N/A,N/A,N/A,N/A,0.13,166.33,0.01,0.01,0,0,0.49,0,0.21,0,0,99.29,5499803.2,7018734.93,470734.67,6.03,66348.8,1617744.8,5082909.87,65.1,882397.6,1215821.33,70.67,0.86,0,5.44,0,6.38,0,0.41,0.01,0.86,0,0.86,0,0,10.88,0,0.07,472.69,55084.67,1322.67,45434.93,0,541.24,560.09,389.85,357.93,0,0,0,0,25054.064050,220219,32585,153890,0,373.27,0.12,0.28,0.53,0.07,0.78,0,0.29,0.49,0,98.44,4425937.87,6157165.87,1329881.07,17.03,75944.27,1815538.4,2999978.4,38.42,1765953.33,1387040.53,445.87,2.96,0,511.58,0,172.87,0.21,77.08,1.85,2.96,0,2.96,0,0,1023.16,0,0.34,499.8,57768.47,1361.07,48189.2,0,544.14,540.19,360.8,383.63,0,0,0,0
Direct Proxy,2G,200,10240,0,HTTP Request,589695,0,0,982.63,203.48,199,53.76,1,504,207,291,295,301,305,395,18479.94,18583.58,,,,,99.99,3925.5,,,99.87,2048,5824,0,0.8,776.53,0.53,0.39,0.29,0.13,5.98,0,5.99,0,0,88.02,3318668.27,5996142.13,1464020.53,18.75,66221.6,2758254.93,3619571.2,46.35,2195851.2,2012074.13,181.33,1.27,0,39.98,0,14.94,0,0.57,0.03,1.27,0,1.27,0,0.01,79.97,0,0.7,4310.16,56333.93,1740.8,49357,0,29581.22,28903.53,33958.4,33856.05,0,0,0,0,N/A,N/A,N/A,N/A,0.27,166.4,0.08,0.06,0.01,0.13,0.97,0,1.5,0,0,97.52,5020923.73,6540393.87,948891.47,12.15,66583.73,1618009.6,5084328,65.12,1376524.27,1199287.73,84.53,0.93,0,5.85,0,6.33,0,0.44,0.01,0.93,0,0.93,0,0.01,11.69,0,0.07,3696.62,55244.2,1299.2,45435.47,0,14453.56,14427.07,17001.09,16848.77,0,0,0,0,82548.479266,1714424,201807,264872,1.8,373.4,0.53,0.44,0.4,0.2,3.67,0,3.08,0.48,0,92.77,4168537.07,5949522.67,1536670.13,19.68,76210.4,1864347.73,3008295.2,38.53,1974526.67,1433958.4,1560.27,3.45,0,616.08,0,178.42,0.14,49.06,1.43,3.45,0,3.45,0,0.01,1232.16,0,0.34,3630.41,57878.33,1371.73,48289.33,0,14464.07,15168.52,16871.53,17125.83,0,0,0,0
Direct Proxy,2G,200,10240,1000,HTTP Request,117709,3,0,195.89,1020.28,199,34.85,0,1224,1011,1095,1103,1103,1111,1191,3683.86,3704.53,,,,,,,,,99.96,2048,5817,0,0.12,777.19,0.21,0.29,0.31,0.06,2.18,0,1.62,0,0,96.19,3307615,5986339.5,1473191,18.87,66610.75,2758915,3624131,46.42,2214989,2011125,160.75,1.31,0,34.42,0,13.36,0,0.81,0.03,1.31,0,1.31,0,0,68.83,0,0.78,2155.05,56669.69,1714,49412.69,0,6570.96,6137.77,7131.06,7125.89,0,0,0,0,N/A,N/A,N/A,N/A,0.47,166.13,0.05,0.05,0.01,0,0.62,0,0.49,0,0,98.88,5463504.8,6983699.73,505334.93,6.47,66788.53,1618400.27,5084192,65.12,935207.73,1198854.13,94.13,0.88,0,5.64,0,6.41,0,0.47,0.01,0.88,0,0.88,0,0,11.29,0,0.06,1124.09,55407.67,1294.93,45434.87,0,2974.25,3324.96,3598.08,3574.83,0,0,0,0,38405.848465,526564,48938,166488,0.07,373.47,0.08,0.16,0.27,0.13,1.04,0,0.68,0.47,0,97.81,4294260,6051686.67,1434101.33,18.37,76474.13,1840423.2,3004024,38.47,1874198.93,1408593.87,604.8,2.99,0,512.69,0,171.7,0.2,75.76,1.89,2.99,0,2.99,0,0,1025.38,0,0.34,1081.81,57988.27,1358.93,48387.4,0,3204.47,3290.97,3576.35,3604.89,0,0,0,0
Direct Proxy,2G,500,1024,0,HTTP Request,1098341,0,0,1829.67,273.39,500,75.8,11,798,303,391,399,409,491,547,3316.29,3546.78,,,,,100,3925.5,,,99.83,2048,5835,0,0.13,780.4,0.66,0.55,0.33,0.07,7.44,0,4.26,0,0,88.3,3259744.8,5931704,1530892.8,19.61,64719.2,2755131.47,3656781.07,46.84,2161694.13,2115165.07,52,1.15,0.21,10.08,0,7.69,0,0.27,0.01,1.15,0.05,1.1,0,0.43,20.15,0,0.54,4433.06,55611.13,2325.33,49833.93,0,10085.4,10226.93,6863.29,7016.16,0,0,0,0,N/A,N/A,N/A,N/A,0.13,165.47,0.06,0.05,0.04,0,0.82,0,0.99,0,0,98.18,4888112.8,6403811.73,1089435.2,13.95,65802.93,1615566.4,5077894.67,65.03,1493718.67,1219173.87,46.67,1,0.16,5.93,0,6.13,0,0.36,0.01,1,0.04,0.96,0,0.32,11.86,0,0.08,3231.72,54739.67,1617.07,45572.2,0,5121.44,5043.34,3643.22,3280.99,0,0,0,0,55052.672199,1435582,191413,266433,0.27,674.27,0.7,0.64,0.41,0,4.77,0,2.33,0.17,0,92.72,4061241.87,5865532,1617352.27,20.72,75491.2,1888066.67,3297846.67,42.23,2034801.6,1461969.07,4012.8,8.23,0.16,1803.05,0,219.34,0.05,7.22,0.61,8.23,0.04,8.19,0,0.32,3606.1,0,0.69,2581.88,57623,1687.47,48436.53,0,5109.05,5045.58,3375.25,3584.64,0,0,0,0
Direct Proxy,2G,500,1024,1000,HTTP Request,293566,0,0,488.29,1022.22,499,38.08,1000,1212,1011,1095,1103,1103,1111,1199,885.03,946.55,,,,,0,3925.5,,,99.94,2048,5817,0,0.47,782.33,0.38,0.43,0.41,0,3.01,0,1.59,0,0,95.4,3243069.07,5917538.4,1542208.53,19.75,65317.87,2756345.87,3650986.93,46.76,2250790.93,2040449.6,48.8,1.11,0,16.25,0,9.65,0,0.33,0.01,1.11,0,1.11,0,0,32.51,0,0.54,3150.05,56104.53,2301.87,49981.73,0,2834.97,2809.72,1914.53,1942.39,0,0,0,0,N/A,N/A,N/A,N/A,0.2,165.27,0.16,0.09,0.04,0,1.21,0,0.59,0,0,98.2,5153501.33,6670788.8,821422.67,10.52,66031.47,1616588.8,5075284,65,1231960.27,1214821.87,52.27,0.83,0,5.29,0,6.39,0,0.34,0.01,0.83,0,0.83,0,0,10.58,0,0.06,1111.89,55056.87,1617.07,45674.93,0,1400.14,1437.59,1008.66,921.92,0,0,0,0,63713.216095,509398,77639,245206,0.27,671,0.08,0.14,0.25,0.07,1.49,0,0.65,0.16,0,97.69,4167119.47,5919056.53,1563632.8,20.03,75894.4,1835723.47,3301010.13,42.28,1985500.53,1405971.73,756.8,6.46,0,1353.95,0,191.4,0.06,10.41,0.56,6.46,0,6.46,0,0,2707.89,0,0.67,1101.98,57899.67,1649.07,48602.4,0,1409.77,1397.54,933.76,992.64,0,0,0,0
Direct Proxy,2G,500,10240,0,HTTP Request,534029,0,0,889.13,562.3,499,110.22,213,1302,607,703,787,803,891,999,16721.62,16815.4,,,,,99.99,3925.5,,,99.83,2048,5813,0,0,780.67,0.56,0.52,0.45,0,5.77,0,6.57,0,0,87.66,3243644.8,5920064,1539045.6,19.71,65733.07,2757675.2,3668087.47,46.98,2257243.73,2011665.6,64.27,1.14,0,16.41,0,9.21,0,0.32,0.01,1.14,0,1.14,0,0.01,32.84,0,0.68,3893.79,56421.6,2310.4,50010.67,0,28880.22,28272.35,31711.69,31766.63,0,0,0,0,N/A,N/A,N/A,N/A,0.07,165.33,0.11,0.12,0.09,0.07,0.99,0,1.6,0,0,97.41,5002310.4,6520061.87,971939.73,12.45,66264.8,1616853.07,5072196,64.96,1399334.67,1198156.27,76,0.86,0,5.42,0,6.3,0,0.35,0.01,0.86,0,0.86,0,0.01,10.83,0,0.07,4324.59,55214.33,1608.53,45667.27,0,13946.65,13988.55,15940.6,15757.64,0,0,0,0,81215.933286,1974141,211632,270406,0,670.4,0.34,0.29,0.23,0.07,3.67,0,3.06,0.01,0,93.26,4028952.27,5812328.27,1669389.6,21.38,76167.73,1866373.33,3307809.6,42.36,2093414.93,1434714.13,2287.47,1.42,0,120.77,0,82.09,0,3.15,0.08,1.42,0,1.42,0,0.01,241.54,0,0.68,4092.5,58006,1638.4,48694.87,0,14344.11,14908.44,15846.7,15971.78,0,0,0,0
Direct Proxy,2G,500,10240,1000,HTTP Request,294778,0,0,490.24,1018.47,499,33.13,1000,1226,1007,1087,1095,1103,1103,1191,9219.69,9271.43,,,,,0,3925.5,,,99.91,2048,5813,0,0.33,783,0.2,0.22,0.3,0.13,4.18,0,4.22,0,0,91.6,3317370.93,5995672,1462606.67,18.73,66115.47,2759012,3668084.53,46.98,2204322.93,2010650.4,79.2,1.15,0,17.23,0,10.02,0,0.29,0.01,1.15,0,1.15,0,0,34.46,0,0.68,4467.42,56735.8,2276.27,50047.93,0,16956.01,15696.75,18305.07,18282.05,0,0,0,0,N/A,N/A,N/A,N/A,0.13,165.2,0.12,0.1,0.09,0.07,1.57,0,1.23,0,0,97.2,5125607.73,6644085.87,847625.07,10.86,66469.6,1617246.4,5075764,65.01,1276383.47,1197763.2,88.53,0.86,0,5.47,0,6.39,0,0.26,0.01,0.86,0,0.86,0,0,10.94,0,0.07,2860.94,55376.8,1627.73,45665.27,0,7548.67,8498.41,9163.02,9108.31,0,0,0,0,94514.206865,1322329,119182,246010,0.2,671.07,0.17,0.24,0.25,0.07,2.05,0,1.64,0.03,0,96.28,4122837.07,5902863.73,1578346.93,20.21,76449.33,1862509.33,3296978.4,42.23,2004441.6,1429367.73,1077.87,1.23,0,74.83,0,59.75,0.01,6.04,0.08,1.23,0,1.23,0,0,149.65,0,0.67,2660.89,58116.8,1642.67,48791.2,0,8146.23,8455.69,9116.92,9194.57,0,0,0,0
Secure Proxy,2G,100,1024,0,HTTP Request,33884,0,0,56.35,1769.59,99,878.78,99,7791,2223,2991,3503,4015,4415,5631,357.21,449.82,,,,,,,,,99.98,2048,5811,0,0,779.73,1.89,1.24,0.74,0.07,11.41,0,0.27,0,0,88.31,3190947.2,5900728,1552849.6,19.89,79186.93,2775171.47,3660932.53,46.89,2313242.93,2019453.87,140,1.33,0,17.69,0,8.29,0,0.4,0.01,1.33,0,1.33,0,0,35.37,0,0.7,830.24,62137.4,1525.33,50105.47,0,469.08,472.21,513.54,438.9,0,0,0,0,N/A,N/A,N/A,N/A,0.27,165.33,0.01,0.01,0,0.13,0.2,0,0.1,0,0,99.7,5675817.6,7203596.53,285968.53,3.66,70131.47,1622450.4,5075904,65.01,722215.2,1199291.73,185.07,1.07,0,6,0,5.61,0,0.58,0.01,1.07,0,1.07,0,0,11.99,0,0.07,161.59,58153.27,1209.6,45339,0,155.8,103.84,86.05,71.66,0,0,0,0,5854.733314,70117,27268,49848,0.07,270.27,0.03,0.02,0.03,0.07,0.6,0,0.11,0,0,99.28,4308637.6,6328465.87,1149838.4,14.73,80579.47,2093144.27,2896218.67,37.09,1609389.33,1651233.87,306.13,1.19,0,14.15,0,12.03,0,0.72,0.01,1.19,0,1.19,0,0,28.3,0,0.23,229.17,60086.8,1277.87,50157.6,0,316.51,365.35,352.92,441.98,0,0,0,0
Secure Proxy,2G,100,1024,1000,HTTP Request,35810,0,0,59.56,1676.31,99,366.59,1027,4399,1823,2191,2399,2703,2911,3503,377.58,475.46,,,,,,,,,99.99,2048,5817,0,0.13,779.73,1.1,1.28,1.15,0,11.24,0,0.31,0,0,88.45,3266792,5978024.27,1475266.93,18.89,79587.2,2776136.53,3662404.53,46.9,2236762.4,2020137.87,166.67,1.36,0,17.07,0,8.09,0,0.47,0.01,1.36,0,1.36,0,0,34.13,0,0.68,907.19,62455.27,1538.13,50154.13,0,488.82,491.88,534.9,457.24,0,0,0,0,N/A,N/A,N/A,N/A,0.13,165.07,0.02,0.02,0,0.07,0.23,0,0.09,0,0,99.67,5668228,7196473.87,293331.73,3.76,70295.2,1622712.53,5076200,65.01,730074.13,1199425.6,202.67,1.04,0,5.99,0,5.78,0,0.53,0.01,1.04,0,1.04,0,0,11.99,0,0.06,239.15,58315.8,1218.13,45343,0,162.3,108.45,89.67,74.63,0,0,0,0,9487.803054,105519,27794,54116,0.07,270.6,0.02,0.01,0,0,0.64,0,0.12,0,0,99.23,4255490.4,6289725.87,1188448.27,15.22,80778.13,2107171.2,2900177.6,37.14,1655840.53,1657474.4,276.53,1.18,0,14.26,0,12.24,0,0.24,0.01,1.18,0,1.18,0,0,28.51,0,0.23,250.22,60199.6,1267.2,50261.87,0,329.44,380.27,367.44,460.17,0,0,0,0
Secure Proxy,2G,100,10240,0,HTTP Request,18322,0,0,30.48,3273.37,99,1139.95,100,9000,3903,4799,5343,6111,6527,8031,559.77,604.7,,,,,,,,,99.98,2048,5813,0,1.33,779.6,2,1.67,1.37,0,11.22,0,0.34,0,0,88.43,2438384.53,5151606.67,2301321.87,29.47,80012,2777623.2,3660683.2,46.89,3061684,2021351.2,239.2,1.37,0,17.64,0,8.7,0,0.46,0.01,1.37,0,1.37,0,0,35.28,0,0.68,865.93,62771.2,1484.8,50195.8,0,800.26,754.66,885.66,846.2,0,0,0,0,N/A,N/A,N/A,N/A,0.07,165.4,0,0,0,0.07,0.1,0,0.04,0,0,99.85,5707314.13,7236178.4,253416.8,3.24,70453.33,1623145.87,5074404,64.99,690707.47,1199740.8,184.53,1.03,0,5.77,0,5.58,0,0.6,0.01,1.03,0,1.03,0,0,11.55,0,0.07,122.23,58475.27,1196.8,45337.53,0,270.24,254.85,302.95,295.91,0,0,0,0,5143.290842,51705,17303,34933,0,270.33,0.01,0.01,0,0.07,0.68,0,0.13,0,0,99.19,4281085.07,6328481.07,1149418.4,14.72,80993.87,2119880.8,2885917.07,36.96,1625325.87,1662036.27,190.67,1.16,0,10.48,0,9.03,0,0.57,0.02,1.16,0,1.16,0,0,20.96,0,0.23,289.16,60310.8,1271.47,50361.53,0,484.98,546.04,543.85,590.43,0,0,0,0
Secure Proxy,2G,100,10240,1000,HTTP Request,18533,0,0,30.79,3237.7,99,815.91,1289,8100,3711,4319,4735,5215,5599,6399,565.39,610.76,,,,,,,,,99.98,2048,5813,0,0.6,777.2,1.52,1.71,1.74,0.07,11.13,0,0.37,0,0,88.5,2616264.27,5332755.2,2119608.8,27.15,80604,2780231.2,3663613.33,46.92,2881547.73,2023811.47,181.07,1.44,0,17.69,0,8.01,0,0.38,0.01,1.44,0,1.44,0,0,35.39,0,0.67,869.28,63095.27,1536,50252.73,0,860.65,768.24,910.22,867.39,0,0,0,0,N/A,N/A,N/A,N/A,0.2,164.87,0,0,0,0.07,0.15,0,0.05,0,0,99.8,5706474.13,7236058.67,253503.47,3.25,70641.33,1623624.8,5074404,64.99,691032,1200101.87,190.93,1.03,0,5.8,0,5.64,0,0.51,0.01,1.03,0,1.03,0,0,11.62,0,0.07,163.6,58635.53,1196.8,45339.47,0,267.98,291.84,310.63,305.18,0,0,0,0,7002.947176,70396,20052,36885,0.13,270.47,0.04,0.05,0.02,0,0.68,0,0.14,0,0,99.17,4242149.6,6304429.87,1173195.2,15.03,81257.87,2134218.93,2891918.13,37.04,1657800.53,1667877.6,226.4,1.31,0,11.29,0,8.78,0,0.38,0.01,1.31,0,1.31,0,0,22.57,0,0.23,305.14,60422.47,1288.53,50464.6,0,500.33,568.55,556.94,604.67,0,0,0,0
Secure Proxy,2G,200,1024,0,HTTP Request,33205,0,0,55.19,3609.42,199,1922.94,109,15799,4703,6207,7295,8639,9599,12543,349.82,440.57,,,,,,,,,99.98,2048,5817,0,3,758.31,1.93,1.48,0.86,0.12,11.34,0,0.3,0,0,88.35,3215081.25,5918586.75,1535478.25,19.66,73408.5,2775092.25,3648813.75,46.73,2290530.75,2019876,266.5,1.47,0,43.54,0,14.29,0,0.59,0.02,1.47,0,1.47,0,0,87.09,0,0.68,791.43,62049,1706,50184.69,0,450.1,457.64,490.29,420.14,0,0,0,0,N/A,N/A,N/A,N/A,0.19,166.31,0,0,0,0.12,0.13,0,0.05,0,0,99.83,5666919.5,7196461.25,291707.5,3.74,70117.75,1623803.25,5085208,65.13,727438.75,1201433.5,193.75,1.07,0,6.04,0,5.67,0,0.37,0.01,1.07,0,1.07,0,0,12.08,0,0.08,160.3,58144.69,1288,45410.75,0,149.12,99.36,82.27,68.51,0,0,0,0,5816.199719,70507,19559,51984,0,372.33,0.03,0.03,0.06,0.13,0.74,0,0.13,0.12,0,99,4239400.53,6275347.73,1203040.53,15.41,80555.47,2109140.53,3013320,38.59,1656598.13,1668461.33,309.33,1.09,0,13.64,0,12.6,0.04,38.51,0.38,1.09,0,1.09,0,0,27.27,0,0.34,225.43,59987.33,1356.8,50156,0,305.08,347.96,334.41,419.3,0,0,0,0
Secure Proxy,2G,200,1024,1000,HTTP Request,32804,0,0,54.43,3656.1,199,1304.08,1201,11592,4415,5407,6207,7103,7711,9343,345.01,434.52,,,,,,,,,99.98,2048,5816,0,0.38,761.5,1.9,2,1.63,0,11.38,0,0.3,0.01,0,88.31,3262800.75,5968183.25,1485331.75,19.02,73761.25,2776582.25,3644102.75,46.67,2241263.75,2020772,248.75,1.61,0,51.59,0,12.56,0,0.84,0.04,1.61,0,1.61,0,0,103.18,0,0.68,801.7,62368.31,1694,50244.44,0,444.03,451.05,483.31,414.14,0,0,0,0,N/A,N/A,N/A,N/A,0.07,166.33,0,0.01,0,0.07,0.23,0,0.08,0,0,99.69,5678628.53,7208540,279410.13,3.58,70274.13,1624064.27,5085380,65.13,715677.87,1201569.6,197.33,1.03,0,6.12,0,5.94,0,0.42,0.01,1.03,0,1.03,0,0,12.23,0,0.06,210.99,58305.13,1284.27,45420,0,146.26,97.8,80.71,67.12,0,0,0,0,9211.578171,95734,18116,54091,0.47,372.33,0.09,0.07,0.04,0.07,0.7,0,0.13,0.1,0,99.06,4241351.2,6291694.67,1186801.87,15.2,80768.53,2123233.33,3017992.53,38.65,1648413.33,1674729.33,334.67,1.09,0,13.45,0,12.3,0.03,31.17,0.39,1.09,0,1.09,0,0,26.91,0,0.34,227.94,60097.13,1356.8,50256.27,0,301.86,344.2,330.86,414.86,0,0,0,0
Secure Proxy,2G,200,10240,0,HTTP Request,16716,0,0,27.67,7158.99,198,2558.18,596,21899,8639,10559,11711,13247,14655,17279,508.08,548.91,,,,,,,,,99.98,2048,5819,0,2.88,754.06,3.14,2.65,2.23,0.06,11.25,0,0.33,0,0,88.41,2326707.25,5033685,2419650.25,30.99,74135,2777737.75,3642009.25,46.64,3174452.5,2021623.5,302.75,1.55,0,50.86,0,14.51,0,0.93,0.04,1.55,0,1.55,0,0,101.73,0,0.67,814.73,62686.25,1704,50289.5,0,715.3,675.6,794.29,756.91,0,0,0,0,N/A,N/A,N/A,N/A,0.25,165.75,0,0,0,0.06,0.1,0,0.03,0,0,99.86,5710991.25,7241555,246518.25,3.16,70434.25,1624509.5,5076762.5,65.02,683352,1201894,200.75,1.05,0,5.95,0,5.7,0,0.41,0.01,1.05,0,1.05,0,0,11.9,0,0.07,119.16,58465.75,1260,45408.25,0,235.27,229.9,270.64,264.87,0,0,0,0,5186.661799,51457,13627,33712,0.19,359.94,0.01,0.01,0,0.06,0.68,0,0.14,0.17,0,99,4266783,6330705,1147569.25,14.7,80996.5,2136384,3005656.75,38.49,1617979.25,1679716.25,257.5,1.11,0,10.13,0,9.12,0.02,28.55,0.37,1.11,0,1.11,0,0,20.27,0,0.32,268.84,60205.25,1388,50353.56,0,439.56,484.57,485.47,528.58,0,0,0,0
Secure Proxy,2G,200,10240,1000,HTTP Request,17230,0,0,28.58,6931.96,198,2145.79,1596,19402,8191,9727,10943,12223,13055,15743,524.91,567.09,,,,,,,,,99.98,2048,5823,0,2.07,783.33,2.1,2.19,2.2,0.07,11.24,0,0.35,0,0,88.4,2262900.8,4973349.33,2479701.6,31.76,74544.8,2780648.8,3674811.73,47.06,3234621.6,2024388.8,162.13,1.36,0,10.46,0,6.7,0,0.41,0.01,1.36,0,1.36,0,0,20.93,0,0.53,834.87,63000.47,1713.07,50364.27,0,822.71,742.41,881.98,838.38,0,0,0,0,N/A,N/A,N/A,N/A,0.47,166.4,0,0,0,0,0.14,0,0.06,0,0,99.79,5701050.13,7232233.6,255821.07,3.28,70606.67,1624986.93,5085512,65.13,692894.93,1202239.73,199.73,1.09,0,6.31,0,5.77,0,0.45,0.01,1.09,0,1.09,0,0,12.62,0,0.07,157.5,58628.6,1309.87,45425.13,0,254.21,281.94,300.37,295.95,0,0,0,0,6800.144741,67374,16189,35779,0.27,372.33,0.04,0.01,0,0.07,0.74,0,0.14,0.12,0,99,4163485.6,6242753.87,1235074.13,15.82,81245.6,2151214.67,3017748.53,38.65,1713413.87,1685999.47,288.8,1.11,0,10.51,0,9.46,0.02,26.07,0.38,1.11,0,1.11,0,0,21.02,0,0.34,295.2,60318.8,1376,50467.93,0,488.78,541.39,538.64,586.7,0,0,0,0
Secure Proxy,2G,500,1024,0,HTTP Request,31501,0,0,51.96,9477.17,492,4743.37,990,41501,12159,15935,18303,21503,23807,31743,329.33,414.79,,,,,,,,,99.97,2048,5814,0,1.07,782.4,2.36,1.87,1.17,0.07,11.33,0,0.32,0,0,88.34,2831375.47,5534202.93,1918478.4,24.57,72663.2,2775326.4,3689067.2,47.25,2671209.6,2020289.6,152,1.36,0,17.77,0,8.35,0,0.45,0.01,1.36,0,1.36,0,0,35.55,0,0.67,807.92,62113,2020.27,50604.4,0,444.31,445.36,481.73,409.11,0,0,0,0,N/A,N/A,N/A,N/A,0.2,165.6,0.01,0.02,0.04,0.07,0.1,0,0.03,0,0,99.87,5688326.4,7216042.67,275264,3.53,69799.73,1622715.47,5078224.27,65.04,710658.67,1200542.67,198.93,1.07,0,5.95,0,5.57,0,0.4,0.01,1.07,0,1.07,0,0,11.9,0,0.07,161.3,58116.8,1320.53,45396,0,145.92,97.2,80.43,66.98,0,0,0,0,5155.170801,69484,18810,49993,0,670.6,0.04,0.05,0.1,0.07,0.74,0,0.12,0.02,0,99.11,4207518.93,6236856.8,1238106.93,15.86,80516.53,2102428.27,3308023.47,42.36,1746681.87,1591503.47,312.53,1.13,0,13.7,0,12.14,0,3.35,0.04,1.13,0,1.13,0,0,27.4,0,0.67,256.35,60017.8,1674.67,50522.4,0,299.47,347.12,329.03,415.16,0,0,0,0
Secure Proxy,2G,500,1024,1000,HTTP Request,30960,0,0,51.11,9638.46,492,4578.26,1699,35915,12159,16127,18687,21375,23423,30335,323.98,408.06,,,,,,,,,99.97,2048,5812,0,0.73,782.33,1.79,1.73,1.55,0,11.32,0,0.34,0,0,88.34,2512508.53,5216393.33,2235398.93,28.63,73019.2,2775820.27,3691915.73,47.28,2988627.2,2020504.53,190.93,1.39,0,13.6,0,7.67,0,0.53,0.01,1.39,0,1.39,0,0,27.2,0,0.7,789.92,62436.47,2165.33,50791.73,0,435.66,436.68,471.8,400.67,0,0,0,0,N/A,N/A,N/A,N/A,0.2,165.07,0.03,0.03,0,0,0.22,0,0.08,0,0,99.71,5679220,7207394.4,283576.53,3.63,69913.33,1623056.27,5077304,65.03,719375.73,1200760.8,212.8,1.04,0,5.93,0,5.7,0,0.38,0.01,1.04,0,1.04,0,0,11.86,0,0.06,202.37,58280.33,1465.6,45543.4,0,143.22,95.52,78.77,65.54,0,0,0,0,8679.627904,91084,19649,48608,0.27,670.53,0.04,0.03,0.03,0.07,0.76,0,0.13,0,0,99.11,4160226.13,6204172.53,1270799.47,16.28,80737.07,2116716.8,3310993.33,42.41,1787459.73,1597950.4,320,1.15,0.6,13.59,0,12.43,0,0.28,0.01,1.15,0.01,1.14,0,1.21,27.18,0,0.67,252.96,60124.2,1681.07,50612.87,0,293.19,339.88,322.09,406.49,0,0,0,0
Secure Proxy,2G,500,10240,0,HTTP Request,15588,0,0,25.56,19238.65,491,5073.3,3787,49698,22015,25727,28415,31615,33535,46847,469.34,507.07,,,,,,,,,99.95,2048,5820,0,0.38,777.12,2.37,2.27,2.04,0.19,11.24,0,0.33,0,0,88.42,2287587,4993513.25,2458379.25,31.48,73396.25,2777472,3686393.25,47.21,3206166.5,2021584,210.5,1.63,0,25.99,0,9.8,0,0.57,0.02,1.63,0,1.63,0,0,51.98,0,0.71,807.31,62767,1970,50666.25,0,651.44,611.86,722.68,691.8,0,0,0,0,N/A,N/A,N/A,N/A,0.33,164.87,0.01,0.01,0,0.13,0.08,0,0.03,0,0,99.88,5720108.27,7248702.13,241933.6,3.1,70049.87,1623254.4,5077372,65.03,678388.27,1200830.13,192.8,1.07,0,5.99,0,5.6,0,0.39,0.01,1.07,0,1.07,0,0,11.99,0,0.06,117.44,58439.27,1301.33,45382.73,0,214.3,211.3,248.08,242.92,0,0,0,0,4825.961621,50446,13036,32560,0.4,670.6,0.01,0.01,0,0,0.76,0,0.13,0.01,0,99.1,4286729.33,6344142.67,1130810.13,14.48,80957.87,2129905.6,3305807.2,42.34,1656316,1602900.27,284,1.14,0,9.96,0,8.78,0,3.72,0.05,1.14,0,1.14,0,0,19.92,0,0.67,287.51,60240.33,1668.27,50714.8,0,394.78,443.3,440.78,486.86,0,0,0,0
Secure Proxy,2G,500,10240,1000,HTTP Request,15717,0,0,25.75,18933.5,487,5802.88,3492,47989,21887,26623,29951,34047,36351,45055,472.93,510.94,,,,,,,,,99.97,2048,5813,0,0.19,760.31,2.68,2.3,2.1,0,11.38,0.1,0.38,0.02,0,88.12,2289147.5,5039593.75,2411238,30.88,73813.5,2820602.25,3675855.75,47.08,3090095.75,2134874.25,5741.75,2.46,0.24,260.62,0,25.66,0.01,1.08,0.11,2.46,0.01,2.45,0,0.48,521.24,0,1.12,823.76,63197.81,2054,50827.88,0,715.44,614.41,784.74,697.48,0,0,0,0,N/A,N/A,N/A,N/A,0.38,165,0.01,0.01,0,0.06,0.11,0,0.04,0,0,99.85,5718344.75,7247631.25,242978,3.11,70208.25,1623830.75,5065925,64.88,679522,1201283,204.25,1.04,0,5.93,0,5.68,0,0.38,0.01,1.04,0,1.04,0,0,11.86,0,0.07,140.52,58601.75,1368,45426.56,0,212.22,234.58,250.41,246.55,0,0,0,0,6018.165676,62830,15563,34690,0.25,667.88,0.04,0.03,0,0.12,0.72,0,0.13,0.01,0,99.14,4196970.5,6269539.25,1205111,15.43,81228,2144640.25,3309162,42.38,1739649.25,1609090,258.5,1.2,0,10.4,0,8.69,0,3.66,0.06,1.2,0,1.2,0,0,20.81,0,0.64,281.65,60346.19,1642,50801.69,0,399.7,447.99,446.39,490.97,0,0,0,0
XSLT Enhanced Proxy,2G,100,1024,0,HTTP Request,533685,0,0,889.33,112.35,99,44.99,1,486,106,192,195,199,203,297,1476.42,1728.28,,,,,100,3925.5,,,99.93,2048,5808,0,0.13,779.8,0.63,0.88,1.21,0,9.26,0,2.03,0,0,88.71,3267290.4,5985112,1466341.6,18.78,81194.67,2780810.67,3652484.8,46.78,2229308.27,2024554.93,192.53,1.42,0,18.52,0,8.26,0,0.36,0.01,1.42,0,1.42,0,0,37.04,0,0.67,2503.13,63418.53,1555.2,50306.8,0,4887.51,4813.58,3189.25,3098.51,0,0,0,0,N/A,N/A,N/A,N/A,0,165.33,0.05,0.03,0.01,0.13,0.5,0,0.44,0,0,99.05,5018642.4,6548711.47,940607.73,12.05,70848.27,1623883.47,5075888,65.01,1376753.33,1200244,165.07,1.08,0,6.3,0,5.8,0,0.66,0.01,1.08,0,1.08,0,0,12.61,0,0.06,1457.92,58801.67,1230.93,45344.6,0,2407.97,2445.17,1614.85,1454.63,0,0,0,0,32912.683161,668446,128542,262954,0,270.93,0.09,0.06,0.01,0.07,2.13,0,1.09,0.01,0,96.76,3885842.67,6014641.6,1462043.2,18.72,81507.2,2199590.4,2888456,36.99,1955025.33,1724312.27,2083.47,1.63,0,123.39,0,74.41,0,1.58,0.05,1.63,0,1.63,0,0,246.77,0,0.23,1417.81,60531.8,1286.4,50563.8,0,2408.37,2445.13,1485.27,1736.35,0,0,0,0
XSLT Enhanced Proxy,2G,100,1024,1000,HTTP Request,59280,0,0,98.75,1011.46,99,25.89,1000,1208,1007,1047,1095,1103,1103,1191,163.93,191.9,,,,,,,,,99.98,2048,5820,0,0,779.8,0.12,0.26,0.62,0.07,1.92,0,0.4,0,0,97.68,3221143.2,5941559.47,1510174.13,19.34,81744.27,2782786.93,3655640.27,46.82,2274160,2026391.73,208.27,1.32,0,12.76,0,7.39,0,0.49,0.01,1.32,0,1.32,0,0,25.53,0,0.67,1324.67,63726.33,1540.27,50345.27,0,571.11,566.6,372.4,364.64,0,0,0,0,N/A,N/A,N/A,N/A,0.6,165.13,0.02,0.02,0,0,0.33,0,0.14,0,0,99.53,5610248.53,7140732.27,348881.6,4.47,71010.93,1624117.33,5075180,65,786696.53,1200357.87,204.53,1,0,5.76,0,5.78,0,0.57,0.01,1,0,1,0,0,11.53,0,0.06,364.01,58962.53,1218.13,45344.93,0,283.06,288.24,190.07,171,0,0,0,0,15419.706684,161150,38156,83597,0.27,270.73,0.03,0.04,0.01,0.13,0.51,0,0.15,0,0,99.34,4206888.27,6313321.6,1163332.8,14.9,81774.4,2176960.53,2886281.87,36.97,1666560.8,1692488,343.73,1.25,0,20.73,0,16.78,0,0.28,0.01,1.25,0,1.25,0,0,41.46,0,0.23,349.21,60640.27,1275.73,50662.53,0,283.76,283.09,174.61,201.46,0,0,0,0
XSLT Enhanced Proxy,2G,100,10240,0,HTTP Request,86514,0,0,144.12,693.7,99,199.04,97,1808,803,991,1011,1111,1207,1407,2423.53,2726.26,,,,,,,,,99.98,2048,5816,0,2.8,781.53,2.47,1.61,1.02,0.13,9.45,0,1.65,0,0,88.9,3241713.33,5964072.53,1487040.27,19.04,82281.07,2784123.73,3649187.73,46.74,2249626.13,2027322.13,143.47,1.34,0,11.88,0,6.98,0,0.38,0.01,1.34,0,1.34,0,0,23.76,0,0.53,2209.68,64047.6,1568,50391.33,0,4243.79,4212.64,4883.68,4638.61,0,0,0,0,N/A,N/A,N/A,N/A,0,165.13,0.03,0.02,0,0.2,0.27,0,0.25,0,0,99.48,5543308,7074247.2,415290.4,5.32,71125.07,1624449.87,5073552,64.98,853193.33,1200571.2,192.27,0.97,0,5.64,0,5.81,0,1.01,0.02,0.97,0,0.97,0,0,11.28,0,0.06,801.06,59123.27,1235.2,45342.8,0,2067.04,1919.52,2323.58,2283.65,0,0,0,0,18360.325966,368077,48358,115876,0,270,0.13,0.05,0.01,0.07,0.78,0,0.47,0,0,98.75,3974500.27,6099446.93,1376893.87,17.63,82027.2,2194981.33,2888506.13,37,1889628.8,1700921.07,522.93,1.25,0,25.96,0,20.84,0,0.37,0.01,1.25,0,1.25,0,0,51.92,0,0.23,930.28,60756.47,1265.07,50768.2,0,2143.1,2321.88,2312.06,2597.1,0,0,0,0
XSLT Enhanced Proxy,2G,100,10240,1000,HTTP Request,59679,0,0,99.31,1005.13,99,13.34,1002,1296,1007,1007,1007,1031,1095,1191,1670,1878.61,,,,,,,,,99.98,2048,5824,0,0.27,780.6,0.21,0.59,0.9,0,6.08,0,1.04,0,0,92.88,3188976,5912742.67,1538110.93,19.7,82792.8,2784886.67,3657242.4,46.84,2303214.93,2028244.8,184.8,1.42,0,13.74,0,7.34,0,0.44,0.01,1.42,0,1.42,0,0,27.49,0,0.68,2654.23,64369.33,1561.6,50443.27,0,3093.12,2910.74,3483.62,3299.47,0,0,0,0,N/A,N/A,N/A,N/A,0.13,165.2,0.01,0,0,0.13,0.35,0,0.22,0.01,0,99.42,5596397.33,7127803.73,361749.87,4.63,71296.27,1624681.33,5074236,64.99,800183.2,1200676,180,1.06,0,6.1,0,5.77,0,0.66,0.01,1.06,0,1.06,0,0,12.2,0,0.07,617.32,59284.07,1226.67,45342.07,0,1406.11,1473.51,1653.52,1634.63,0,0,0,0,19928.083053,278752,68658,91908,0,270.67,0.05,0.09,0.07,0.07,0.59,0,0.27,0,0,99.13,3974774.67,6115350.13,1360527.2,17.42,82252,2210079.47,2890705.87,37.02,1883353.33,1706083.47,315.2,1.24,0,20.85,0,16.89,0,0.58,0.02,1.24,0,1.24,0,0,41.69,0,0.24,636.85,60861.47,1258.67,50862.73,0,1505.61,1620.63,1646.84,1849.97,0,0,0,0
XSLT Enhanced Proxy,2G,200,1024,0,HTTP Request,542718,0,0,904.22,220.81,199,73.06,3,999,291,301,309,397,403,591,1501.15,1758.12,,,,,100,3925.5,,,99.92,2048,5806,0,0.13,783.6,0.78,1.06,1.53,0,9.27,0,2.18,0,0,88.54,3252313.6,5964113.33,1488409.07,19.06,74863.47,2781637.33,3671569.6,47.03,2245468.8,2025205.07,178.13,1.39,0,16.4,0,7.16,0,0.39,0.01,1.39,0,1.39,0,0,32.8,0,0.52,2056.36,63321.33,1760,50430.27,0,4935.31,4968.36,3237.32,3175.26,0,0,0,0,N/A,N/A,N/A,N/A,0,166.33,0.04,0.03,0,0.07,0.5,0,0.48,0,0,99.01,5005860,6537508.27,950150.4,12.17,70773.6,1625257.6,5083572.53,65.11,1385934.93,1202390.93,204.53,1,0,5.93,0,5.91,0,0.3,0.01,1,0,1,0,0,11.85,0,0.07,1570.27,58791.13,1305.6,45442.8,0,2489.6,2467.11,1654.45,1479.84,0,0,0,0,32069.766552,692674,121418,265714,1.2,372.53,0.57,0.39,0.18,0.13,2.45,0,1.21,0.14,0,96.2,3831134.4,5979405.87,1497517.6,19.18,81485.87,2219049.6,2999642.67,38.42,1984252,1744883.73,2244.53,1.59,0,128.69,0,79.99,0.04,28.53,0.65,1.59,0,1.59,0,0,257.39,0,0.34,1352.85,60428.6,1380.27,50568,0,2478.43,2468.09,1520.39,1757.44,0,0,0,0
XSLT Enhanced Proxy,2G,200,1024,1000,HTTP Request,117877,0,0,196.23,1019.04,199,35.48,1000,1214,1007,1095,1103,1103,1111,1199,325.78,381.54,,,,,,,,,99.97,2048,5803,0,0.6,782.8,0.09,0.28,0.77,0.07,2.98,0,0.77,0,0,96.25,3199757.6,5913607.2,1538598.13,19.71,75229.6,2783215.2,3665349.87,46.94,2295943.2,2026956.8,205.07,1.34,0,11.42,0,6.38,0,0.43,0.01,1.34,0,1.34,0,0,22.83,0,0.53,1878.45,63639.13,1760,50476.6,0,1148.91,1139.34,748.54,732.53,0,0,0,0,N/A,N/A,N/A,N/A,0.13,166.33,0,0.01,0,0,0.52,0,0.24,0,0,99.24,5454257.6,6986294.93,501697.6,6.43,70941.6,1625460.8,5081724,65.08,938894.13,1202469.87,218.67,0.99,0,5.86,0,5.94,0,0.41,0.01,0.99,0,0.99,0,0,11.71,0,0.06,602.43,58950.67,1292.8,45441.93,0,569.07,581.04,382.04,344,0,0,0,0,27038.413500,267956,30103,154205,0.2,372.27,0.05,0.17,0.22,0.13,0.8,0,0.31,0.03,0,98.85,3965981.07,6097060.8,1379936,17.67,81707.2,2201713.07,3010926.4,38.56,1876469.6,1718306.4,545.6,1.21,0,34.56,0,28.57,0.02,17.98,0.49,1.21,0,1.21,0,0,69.12,0,0.34,521.83,60542.27,1386.67,50672.27,0,570.91,568.5,350.83,404.87,0,0,0,0
XSLT Enhanced Proxy,2G,200,10240,0,HTTP Request,86826,0,0,144.54,1381.34,199,398.37,204,3711,1615,1903,2095,2303,2495,2815,2430.61,2734.36,,,,,,,,,99.97,2048,5816,0,6.53,780.67,4.54,3.3,1.99,0.07,9.58,0,1.57,0,0,88.85,3182159.73,5897796.27,1553777.07,19.9,75601.07,2784545.33,3666374.4,46.96,2307272.53,2027821.87,162.4,1.31,0,10.51,0,6.27,0,0.44,0.01,1.31,0,1.31,0,0,21.02,0,0.52,2122.27,63951.8,1738.67,50514,0,4340.64,4308.19,4999.91,4747.2,0,0,0,0,N/A,N/A,N/A,N/A,0,166.87,0.01,0.01,0,0.07,0.3,0,0.27,0,0,99.43,5521810.93,7054424,433585.33,5.55,71088,1625815.47,5087036,65.15,871263.2,1202704.8,194.13,1.02,0,6,0,5.87,0,0.32,0.01,1.02,0,1.02,0,0,12,0,0.06,821.63,59114.13,1341.87,45441.07,0,2100.25,1967.36,2379.66,2337.89,0,0,0,0,18493.883428,370848,54631,122920,0,372.53,0.03,0.04,0.08,0.07,0.88,0,0.53,0.12,0,98.46,3885179.47,6029550.93,1447144.8,18.53,81946.13,2214506.67,3007056,38.51,1953552.8,1721481.87,566.67,1.2,0,26.81,0,22.33,0.03,30.06,0.49,1.2,0,1.2,0,0,53.62,0,0.34,942.59,60649.47,1365.33,50768.2,0,2206.55,2371,2366.17,2658.89,0,0,0,0
XSLT Enhanced Proxy,2G,200,10240,1000,HTTP Request,80700,0,0,134.23,1486.1,199,200.87,1011,3306,1599,1711,1895,2015,2207,2495,2257.3,2539.39,,,,,,,,,99.97,2048,5818,0,1.33,782.6,1.24,1.72,2.07,0,9.18,0,1.72,0,0,89.1,3210930.13,5928309.33,1523373.33,19.51,75908,2786025.87,3673777.07,47.05,2280159.73,2029213.33,172.53,1.36,0,12.04,0,6.46,0,0.34,0.01,1.36,0,1.36,0,0,24.08,0,0.53,2236.77,64275.33,1715.2,50566.73,0,4291.75,4025.48,4702.4,4451.41,0,0,0,0,N/A,N/A,N/A,N/A,0.07,166.4,0.03,0.02,0,0.13,0.43,0,0.29,0,0,99.28,5525172.8,7058132,430321.87,5.51,71272.27,1626047.2,5084656,65.12,868127.73,1202811.73,193.07,1.04,0,6.02,0,5.8,0,0.45,0.01,1.04,0,1.04,0,0,12.03,0,0.07,933.57,59272.6,1322.67,45438.53,0,1961.75,2061.72,2231.36,2206.47,0,0,0,0,26045.435449,420338,36640,118407,0.07,372.27,0.03,0.02,0.02,0.13,0.83,0,0.47,0.1,0,98.6,3882310.13,6044287.2,1432187.47,18.34,82140,2231630.67,3010412,38.56,1948674.67,1728636.53,461.87,1.18,0,25.34,0,21.48,0.02,21.95,0.37,1.18,0,1.18,0,0,50.69,0,0.34,919.77,60762.93,1356.8,50870.47,0,2062.81,2228.87,2218.94,2494.46,0,0,0,0
XSLT Enhanced Proxy,2G,500,1024,0,HTTP Request,501855,0,0,835.85,598.37,500,176.11,20,2097,699,803,903,1003,1111,1415,1387.64,1625.17,,,,,100,3925.5,,,99.92,2048,5813,0,0,783.73,0.94,1.34,1.75,0.07,9.59,0,2.1,0,0,88.31,3194722.67,5947189.6,1502030.93,19.24,74200.27,2821977.87,3690128,47.26,2187206.4,2135796.53,169.6,1.32,0,11.86,0,7.12,0,0.46,0.01,1.32,0,1.32,0,0,23.73,0,0.53,1475.42,63515.13,2329.6,51142.4,0,4423.19,4471.7,2904.22,2853.79,0,0,0,0,N/A,N/A,N/A,N/A,0,165.4,0.03,0.02,0,0.07,0.46,0,0.41,0,0,99.12,5051374.4,6581245.6,909067.73,11.64,70385.07,1624100.53,5077432,65.03,1344688.53,1201430.13,202.93,1.01,0,5.81,0,5.73,0,0.35,0.01,1.01,0,1.01,0,0,11.62,0,0.07,1438.27,58759.13,1606.4,45670.73,0,2236.91,2211.22,1486.93,1328.41,0,0,0,0,28750.598909,642545,86280,266121,0,670.4,0.43,0.31,0.17,0,2.22,0,1.03,0.01,0,96.74,3784450.67,5920297.6,1553200.8,19.89,81514.67,2206767.2,3299577.33,42.26,2095046.93,1662217.33,1777.6,1.57,0,115.48,0,72.46,0.01,7.06,0.13,1.57,0,1.57,0,0,230.97,0,0.67,1264.59,60461,1655.47,50932.33,0,2235.49,2212.66,1367.17,1576.16,0,0,0,0
XSLT Enhanced Proxy,2G,500,1024,1000,HTTP Request,297801,0,0,495.43,1007.93,499,22.17,1000,1300,1003,1007,1063,1103,1103,1199,822.49,963.28,,,,,0,3925.5,,,99.94,2048,5817,0,0.47,780.53,0.42,0.51,0.95,0,7.08,0,2.02,0,0,90.89,3185669.07,5940154.4,1509367.2,19.33,74542.67,2823566.67,3683825.33,47.18,2195731.73,2137536.27,212.53,1.37,0,17.6,0,8.5,0,0.36,0.01,1.37,0,1.37,0,0,35.21,0,0.66,3990.63,63831.53,2308.27,51181.13,0,2812.39,2802.64,1838.46,1802.3,0,0,0,0,N/A,N/A,N/A,N/A,0.07,165.33,0.09,0.06,0.01,0,1.31,0.06,0.62,0.01,0,98,5103926.93,6666582.4,822665.87,10.54,70597.07,1655877.33,5077432,65.03,1189458.4,1302319.47,209.6,2.02,0.2,219.02,0,19.1,0,0.68,0.06,2.02,0.01,2.01,0,0.41,438.04,0,0.46,1438.06,59030.67,1610.67,45721.8,0,1425.19,1417.3,978.23,842.71,0,0,0,0,65454.385440,654147,62239,246066,0,670.67,0.03,0.04,0.08,0,1.47,0,0.66,0.01,0,97.85,3791129.6,5935443.47,1537844.8,19.7,81774.4,2214681.87,3307742.13,42.36,2089430.4,1660867.47,1181.33,1.4,0,76.15,0,53.87,0,3.02,0.05,1.4,0,1.4,0,0,152.3,0,0.67,1160.75,60568.67,1700.27,51025.67,0,1403.53,1397.81,862.65,995.54,0,0,0,0
XSLT Enhanced Proxy,2G,500,10240,0,HTTP Request,84009,0,0,139.31,3573.34,497,919.32,900,9079,4127,4735,5215,5823,6143,7615,2342.75,2635.53,,,,,,,,,99.95,2048,5816,0,0.33,782.67,4.87,3.39,2.16,0.07,9.6,0,1.52,0,0,88.88,2929078.4,5685349.87,1763267.73,22.58,74923.47,2824912,3689603.73,47.25,2438808,2138417.87,156.8,1.37,0,17.38,0,8.12,0,0.56,0.01,1.37,0,1.37,0,0,34.76,0,0.67,1857.75,64147,2314.67,51216.4,0,4145.15,4065.77,4717.38,4471.5,0,0,0,0,N/A,N/A,N/A,N/A,0.07,165.4,0.05,0.04,0,0.13,0.28,0,0.28,0,0,99.43,5503619.47,7066768,422672.27,5.41,70738.67,1656265.07,5078548,65.04,790597.87,1302545.87,189.07,1.03,0,5.81,0,5.64,0,0.47,0.01,1.03,0,1.03,0,0,11.62,0,0.06,780.63,59189.6,1570.13,45712.87,0,1988.05,1874.86,2242.99,2206.44,0,0,0,0,18509.181107,360767,56625,121509,0.13,670.67,0.04,0.03,0.04,0.07,0.87,0,0.47,0.03,0,98.62,3802276.53,5943351.2,1529750.67,19.59,82012,2211095.73,3298997.87,42.25,2091576.27,1647649.33,510.4,1.23,0,25.98,0,21.14,0.01,10.26,0.11,1.23,0,1.23,0,0,51.97,0,0.67,903.92,60684.13,1644.8,51127.2,0,2078.1,2271.78,2228.3,2512.7,0,0,0,0
XSLT Enhanced Proxy,2G,500,10240,1000,HTTP Request,83126,0,0,138.1,3598.07,496,768.82,1499,7893,4095,4607,5023,5407,5727,6911,2322.42,2612.65,,,,,,,,,99.96,2048,5813,0,8.6,782.33,4.24,4.65,3.88,0.07,9.55,0,1.56,0,0,88.89,2932552.8,5690500.8,1758074.93,22.51,75280.53,2826197.33,3694659.2,47.32,2437811.2,2139544.53,164,1.41,0,17.95,0,7.94,0,0.43,0.01,1.41,0,1.41,0,0,35.9,0,0.68,1909.74,64463,2306.13,51259.93,0,4305.46,4016,4682.8,4428.01,0,0,0,0,N/A,N/A,N/A,N/A,0.2,165.4,0.02,0.03,0,0.07,0.43,0,0.32,0,0,99.24,5493580.8,7057217.33,432064.27,5.53,70906.93,1656530.93,5077600,65.03,800187.73,1302694.4,192.8,1.07,0,6,0,5.6,0,0.48,0.01,1.07,0,1.07,0,0,12,0,0.07,879.11,59350.8,1591.47,45712.8,0,1962.78,2060.75,2223.08,2196.37,0,0,0,0,25708.277544,406725,49372,126115,0,670.47,0.06,0.04,0.01,0.07,0.83,0,0.48,0,0,98.68,3824080.27,5983389.07,1489416.8,19.07,82209.07,2228865.87,3294400,42.19,2061625.07,1655384,476,1.22,0,25.26,0,20.76,0,0.41,0.01,1.22,0,1.22,0,0,50.53,0,0.67,889,60794.47,1651.2,51224.8,0,2052.8,2244.19,2204.28,2485.69,0,0,0,0
XSLT Proxy,2G,100,1024,0,HTTP Request,289978,0,0,483.21,206.91,99,69.01,4,797,208,299,303,393,399,501,596.93,935.27,,,,,0,3925.5,,,99.96,2048,5812,0,2,777.27,0.79,0.84,0.67,0.07,10.19,0,0.99,0,0,88.81,3282933.6,5972780,1484646.93,19.01,71422.4,2764318.4,3642898.13,46.66,2236530.13,2011736.53,182.13,1.27,0,17.16,0,8.62,0,0.44,0.01,1.27,0,1.27,0,0,34.31,0,0.68,1837.13,58322,1548.8,49532.87,0,1291.58,1722.47,1407.9,1224.69,0,0,0,0,N/A,N/A,N/A,N/A,0.2,165.53,0.06,0.04,0,0.07,0.33,0,0.23,0,0,99.43,5198802.93,6719840.27,770479.2,9.87,67710.13,1618560.8,5075000,65,1202041.07,1197009.6,109.6,0.95,0,5.73,0,6.05,0,0.53,0.01,0.95,0,0.95,0,0,11.45,0,0.07,802.34,56224,1222.4,45346.07,0,859,429.69,639.12,520.04,0,0,0,0,18626.515793,373105,86174,255856,0,270.73,0.21,0.16,0.09,0.07,1.27,0,0.54,0,0,98.18,4276017.33,6099776,1383387.47,17.72,77708.53,1904063.47,2889297.07,37,1842821.6,1458500.53,948,1.37,0,67.67,0,48.75,0,0.55,0.02,1.37,0,1.37,0,0,135.32,0,0.24,782.4,58649.93,1275.73,48898.67,0,864.71,862.88,586.26,888.69,0,0,0,0
XSLT Proxy,2G,100,1024,1000,HTTP Request,59443,0,0,98.94,1008.79,99,23.22,1001,1204,1003,1011,1079,1103,1103,1199,122.22,191.5,,,,,,,,,99.98,2048,5817,0,0.27,780.73,0.16,0.34,0.53,0.13,2.97,0,0.39,0,0,96.63,3247399.73,5938618.13,1518695.73,19.45,72021.87,2764884.27,3642930.4,46.65,2271473.33,2011593.6,233.87,1.25,0,18.87,0,10.24,0,0.5,0.01,1.25,0,1.25,0,0,37.74,0,0.7,1410.11,58638.8,1516.8,49578.87,0,368.43,298.44,307.22,257.86,0,0,0,0,N/A,N/A,N/A,N/A,0,165.27,0.02,0.02,0,0.13,0.29,0,0.12,0,0,99.57,5627780.53,7149425.33,340863.2,4.37,67931.47,1618918.13,5075708,65.01,774046.13,1197205.6,101.33,0.96,0,5.85,0,6.13,0,0.43,0.01,0.96,0,0.96,0,0,11.71,0,0.07,377.37,56383.6,1205.33,45344.27,0,113.88,183.85,132.28,117.09,0,0,0,0,14670.650034,171270,48187,82755,0,270.4,0.02,0.03,0.05,0,0.5,0,0.14,0,0,99.35,4538519.73,6355613.07,1127277.87,14.44,77932.8,1896976,2893272.8,37.06,1591182.67,1447947.47,407.47,1.15,0,19.66,0,17.17,0,0.5,0.02,1.15,0,1.15,0,0,39.32,0,0.23,350.12,58759.33,1286.4,48997.33,0,184.42,184.33,125.3,189.8,0,0,0,0
XSLT Proxy,2G,100,10240,0,HTTP Request,44068,0,0,73.36,1361.21,99,452.33,105,4398,1607,1919,2191,2415,2607,3311,736.98,1387.21,,,,,,,,,99.98,2048,5816,0,4,779,2.08,1.37,0.86,0,10.85,0,0.45,0,0,88.69,3211518.4,5905013.6,1551819.73,19.88,72778.13,2766325.07,3638852.8,46.6,2303862.93,2012581.87,242.67,1.26,0,17.37,0,9.85,0,0.37,0.01,1.26,0,1.26,0,0,34.75,0,0.7,914.49,58964.53,1559.47,49635.73,0,1708.4,1413.86,2026.59,1432.29,0,0,0,0,N/A,N/A,N/A,N/A,0.27,165.13,0.01,0.01,0,0.07,0.14,0,0.09,0,0,99.77,5655790.67,7178120.53,312087.47,4,68177.87,1619294.93,5074848,65,745448.8,1197452.53,146.13,0.94,0,5.68,0,6.02,0,0.82,0.01,0.94,0,0.94,0,0,11.36,0,0.07,193.12,56544.8,1216,45346.07,0,654.02,616.36,717.33,700.32,0,0,0,0,8047.957876,85539,29666,64756,0.13,270.33,0,0,0,0.07,0.48,0,0.22,0.03,0,99.27,4466534.67,6292098.4,1190672.27,15.25,78189.87,1905065.07,2891832,37.04,1658679.2,1452245.87,288,1.12,0,16.1,0,14.47,0.01,8.96,0.11,1.12,0,1.12,0,0,32.2,0,0.23,240.47,58869.8,1269.33,49097.27,0,760.56,1092.83,715.51,1327.06,0,0,0,0
XSLT Proxy,2G,100,10240,1000,HTTP Request,45463,0,0,75.58,1321.29,99,162.91,1006,2999,1399,1503,1607,1799,1903,2303,759.3,1429.22,,,,,,,,,99.98,2048,5812,0,1,777.4,1.11,1.43,1.33,0.2,10.25,0,0.49,0,0,89.26,3222955.73,5918513.87,1538140.8,19.7,73516.27,2767483.73,3645345.6,46.69,2291254.67,2013505.6,227.2,1.37,0,30.91,0,11.96,0,0.52,0.02,1.37,0,1.37,0,0,61.81,0,0.71,1055.21,59275.47,1540.27,49672.07,0,1818.3,1409.36,2065.05,1454.69,0,0,0,0,N/A,N/A,N/A,N/A,0.13,165.67,0.04,0.03,0,0.13,0.24,0,0.12,0,0,99.63,5664018.13,7186978.13,303317.6,3.89,68422.13,1619688.53,5071154.4,64.95,737164.8,1197698.4,123.2,0.95,0,5.87,0,6.19,0,0.45,0.01,0.95,0,0.95,0,0,11.73,0,0.07,294.46,56704.93,1209.6,45342.27,0,641.31,706.23,727.47,715.82,0,0,0,0,13503.968785,133592,31887,66395,0.07,270.4,0.1,0.06,0.02,0.07,0.52,0,0.2,0,0,99.27,4463517.33,6299629.6,1182957.33,15.15,78451.47,1915209.07,2889230.4,37.01,1655418.93,1458194.13,268.8,1.08,0,16.1,0,14.9,0,0.29,0.01,1.08,0,1.08,0,0,32.2,0,0.23,280.84,58981,1288.53,49198.07,0,767.27,1110.85,726.27,1347.66,0,0,0,0
XSLT Proxy,2G,200,1024,0,HTTP Request,287848,0,0,479.65,417.07,200,128.67,5,1608,497,595,611,707,803,1095,592.54,928.86,,,,,0,3925.5,,,99.95,2048,5817,0,0.8,778.53,1.09,1.02,0.92,0.13,10.35,0,1,0,0,88.64,3250685.87,5937450.67,1519005.07,19.46,68669.6,2764404.8,3646315.2,46.7,2267602.13,2012242.4,125.33,1.22,0,10.7,0,7.35,0,0.43,0.01,1.22,0,1.22,0,0,21.41,0,0.53,1570.59,58235.8,1751.47,49661.8,0,1290.55,1726.35,1408.13,1225.98,0,0,0,0,N/A,N/A,N/A,N/A,0.2,166.27,0,0.01,0,0.13,0.31,0,0.23,0,0,99.46,5206749.87,6729449.33,759422.93,9.73,67793.6,1619759.73,5082000,65.09,1190814.93,1199096,192.53,0.94,0,5.75,0,6.14,0,0.41,0.01,0.94,0,0.94,0,0,11.51,0,0.07,837.07,56211.93,1331.2,45442.2,0,859.64,430.06,639.37,520.23,0,0,0,0,17062.690048,375001,68351,241065,0.13,372.8,0.16,0.13,0.07,0.13,1.44,0,0.58,0.07,0,97.91,4230930.13,6061980.8,1421957.87,18.21,77802.4,1911546.4,3011491.73,38.57,1874914.13,1467523.73,1184.8,1.31,0,66.2,0,49.8,0.04,35.36,0.5,1.31,0,1.31,0,0,132.4,0,0.34,741.7,58542.27,1367.47,48899.07,0,866.68,860.56,586.46,887.8,0,0,0,0
XSLT Proxy,2G,200,1024,1000,HTTP Request,118530,0,0,197.24,1012.56,199,30.33,1001,1398,1007,1047,1095,1103,1111,1207,243.66,381.96,,,,,,,,,99.97,2048,5831,0,0.4,780.67,0.31,0.56,0.79,0,4.88,0,0.73,0,0,94.38,3289928.53,5978019.47,1478777.07,18.94,69027.73,2765246.4,3641834.93,46.64,2228273.33,2012459.2,188.53,1.27,0,17.25,0,8.92,0,0.47,0.01,1.27,0,1.27,0,0,34.5,0,0.53,2031.64,58558.2,1721.6,49711.67,0,748.55,604.11,624.32,523.72,0,0,0,0,N/A,N/A,N/A,N/A,0.2,166.4,0.03,0.01,0,0,0.53,0,0.22,0,0,99.25,5475856.8,6999260,489790.67,6.27,67986.4,1620315.2,5083920,65.11,922389.07,1199376,207.73,0.94,0,5.77,0,6.12,0,0.4,0.01,0.94,0,0.94,0,0,11.54,0,0.07,665.17,56373.13,1322.67,45440.93,0,228.83,373.97,268.92,238.21,0,0,0,0,26864.701749,300630,27459,153074,0,372.2,0.06,0.06,0.07,0.13,0.73,0,0.26,0.08,0,98.92,4296598.67,6127085.6,1356446.4,17.37,78014.4,1910537.6,3009285.6,38.54,1813578.67,1463034.93,572.53,1.11,0,32.88,0,29.72,0.01,12.22,0.21,1.11,0,1.11,0,0,65.76,0,0.34,554.45,58653.93,1395.2,48999.53,0,375.58,374.89,254.93,386.28,0,0,0,0
XSLT Proxy,2G,200,10240,0,HTTP Request,44274,0,0,73.63,2706.34,199,933.37,198,7973,3215,3903,4415,5023,5599,7295,739.67,1392.34,,,,,,,,,99.98,2048,5802,0,1.13,781.27,3.3,2.45,1.54,0.07,10.95,0,0.46,0,0,88.59,2401306.67,5091611.73,2364662.67,30.28,69383.47,2766946.93,3643718.4,46.67,3110480.27,2013716.53,153.33,1.19,0,12.43,0,7.91,0,0.41,0.01,1.19,0,1.19,0,0,24.87,0,0.67,864,58873,1721.6,49749.07,0,1756.23,1452.11,2085.55,1472.54,0,0,0,0,N/A,N/A,N/A,N/A,0.27,166.53,0.03,0.03,0,0.07,0.12,0,0.08,0,0,99.79,5661473.87,7185438.13,303609.87,3.89,68203.47,1620580.8,5085686.93,65.14,736720.27,1199514.4,205.07,0.96,0,5.78,0,6.02,0,0.35,0.01,0.96,0,0.96,0,0,11.56,0,0.06,198.69,56535.47,1294.93,45437.73,0,656.24,636.13,736.49,720.2,0,0,0,0,7390.316829,86343,19745,65023,0.2,372.27,0.04,0.03,0.03,0.13,0.54,0,0.24,0.09,0,99.12,4400789.07,6234802.4,1248714.4,15.99,78259.47,1913590.4,3006376,38.5,1710173.07,1462298.4,373.87,1.06,0,16.45,0,15.51,0.02,18.94,0.27,1.06,0,1.06,0,0,32.89,0,0.34,240.11,58760.27,1376,49094.67,0,796.21,1120.48,736.19,1365.63,0,0,0,0
XSLT Proxy,2G,200,10240,1000,HTTP Request,42732,0,0,71.09,2802.75,199,652.26,1201,6589,3199,3695,3999,4415,4607,5215,714.16,1344.32,,,,,,,,,99.98,2048,5822,0,0.13,779.47,2.92,3.04,2.61,0.13,10.8,0,0.46,0,0,88.74,2590022.13,5281613.07,2174842.4,27.85,69812.8,2767730.67,3637422.67,46.58,2921429.87,2014089.07,176.53,1.25,0,17.38,0,9.4,0,0.39,0.01,1.25,0,1.25,0,0,34.76,0,0.68,864.27,59195.47,1747.2,49800.13,0,1758,1381.71,2017.89,1420.93,0,0,0,0,N/A,N/A,N/A,N/A,0.27,165.8,0.01,0.01,0,0.07,0.24,0,0.12,0,0,99.64,5641771.47,7166408,322627.47,4.13,68404.53,1621041.33,5081772,65.08,756044.27,1199832.53,199.73,0.95,0,5.83,0,6.14,0,0.43,0.01,0.95,0,0.95,0,0,11.66,0,0.06,264.34,56695.47,1299.2,45436.53,0,615.62,676.77,710.28,699.36,0,0,0,0,12988.366090,118878,20386,65919,0.07,372.33,0,0,0,0.13,0.57,0,0.24,0.13,0,99.06,4393381.33,6237836.27,1245535.73,15.95,78487.47,1923675.47,3004206.4,38.48,1711488,1468185.87,387.47,1.05,0,15.99,0,15.28,0.03,32.01,0.34,1.05,0,1.05,0,0,31.98,0,0.34,240.38,58872.27,1348.27,49195.53,0,766.83,1082.27,711.18,1319.63,0,0,0,0
XSLT Proxy,2G,500,1024,0,HTTP Request,263848,0,0,439.22,1137.06,499,353.37,102,4411,1311,1599,1791,1999,2207,2719,542.59,850.56,,,,,0,3925.5,,,99.95,2048,5812,0,0.44,760.5,1.8,2.18,2.48,0.06,10.61,0,0.95,0,0,88.43,2686439.25,5372193.25,2083202.5,26.68,68024,2763927.25,3646087.25,46.7,2829036.25,2011898,245.5,1.4,0,49.96,0,14.56,0,0.58,0.02,1.4,0,1.4,0,0,99.92,0,0.67,1266.46,58331.19,2256,50240.5,0,1120.69,1499.84,1220.13,1062.76,0,0,0,0,N/A,N/A,N/A,N/A,0.25,165.56,0.01,0.02,0,0.06,0.27,0,0.18,0,0,99.55,5266424,6787548.75,703530.75,9.01,67458,1618824.5,5077426.5,65.03,1134363.5,1198300.5,195.25,0.98,0,6,0,6.13,0,0.44,0.01,0.98,0,0.98,0,0,12,0,0.07,739.61,56182.19,1586,45651.81,0,746.69,373.88,554.9,451.5,0,0,0,0,15866.115722,345630,60494,242655,0,670.4,0.41,0.25,0.15,0,1.32,0,0.49,0.01,0,98.17,4212574.93,6049529.6,1429969.33,18.31,77795.2,1916909.07,3299144,42.25,1869787.47,1471712.8,1083.47,1.38,0,58.61,0,42.49,0,3.98,0.09,1.38,0,1.38,0,0,117.22,0,0.68,671.61,58675.33,1640.53,49284,0,744.88,738.44,502.26,760.76,0,0,0,0
XSLT Proxy,2G,500,1024,1000,HTTP Request,244055,0,0,405.95,1229.43,499,142.03,1001,2593,1303,1407,1503,1607,1703,2007,501.49,786.14,,,,,0,3925.5,,,99.95,2048,5816,0,0.4,782.67,1.42,1.56,1.95,0.07,9.61,0,1.13,0,0,89.26,3059638.4,5747446.4,1707399.2,21.87,68429.07,2765416.8,3675507.47,47.08,2454726.67,2012526.13,177.87,1.2,0,9.91,0,6.69,0,0.43,0.01,1.2,0,1.2,0,0,19.82,0,0.52,2043.56,58634.07,2323.2,50373.13,0,1523.19,1528.58,1270.26,1084.76,0,0,0,0,N/A,N/A,N/A,N/A,0,165.27,0.06,0.03,0.01,0.13,0.91,0,0.44,0,0,98.65,5210280.27,6732201.33,758324.27,9.71,67668.27,1619224.27,5076684,65.02,1189506.4,1198537.33,186.13,0.99,0,5.97,0,6.01,0,0.36,0.01,0.99,0,0.99,0,0,11.93,0,0.07,969.17,56341.27,1602.13,45678.53,0,760.48,760.88,566.11,484.6,0,0,0,0,46800.728773,442178,68872,244316,0.07,670.6,0.19,0.22,0.22,0,1.35,0,0.5,0,0,98.15,4109979.47,5964342.13,1514774.13,19.4,78034.93,1933718.13,3299625.87,42.26,1957269.07,1485005.07,963.47,1.28,0,61.97,0,48.36,0,0.86,0.03,1.28,0,1.28,0,0,123.95,0,0.67,747.62,58788.67,1674.67,49417.73,0,768.84,763.03,519.06,786.25,0,0,0,0
XSLT Proxy,2G,500,10240,0,HTTP Request,36070,0,0,59.53,8308.61,494,3095.59,1312,30989,10047,12031,14015,15743,17791,26495,598.04,1125.73,,,,,,,,,99.97,2048,5813,0,14.8,782.53,5.69,4.02,2.8,0.07,11.11,0,0.43,0,0,88.46,2290295.47,4979575.73,2475159.73,31.7,68812.53,2766478.93,3672818.4,47.04,3208065.87,2013413.33,192.53,1.23,0,11.47,0,7.64,0,0.45,0.01,1.23,0,1.23,0,0,22.93,0,0.52,799.02,58954.67,2314.67,50396.53,0,1483.29,1193.39,1740.25,1222.41,0,0,0,0,N/A,N/A,N/A,N/A,0.27,165.6,0.05,0.07,0.03,0.07,0.12,0,0.07,0,0,99.81,5660590.4,7183005.07,307935.2,3.94,67906.13,1619488.27,5079364.8,65.05,740502.67,1198669.87,188.8,0.96,0,5.85,0,6.1,0,0.37,0.01,0.96,0,0.96,0,0,11.69,0,0.07,185.16,56504.6,1572.27,45655.4,0,542.46,537.58,612.52,599.72,0,0,0,0,6467.641135,80481,18098,56788,0.27,670.93,0,0,0.05,0.07,0.53,0,0.2,0,0,99.26,4361256.8,6208774.13,1270045.6,16.27,78237.07,1926375.2,3300124,42.27,1717335.73,1473854.67,323.2,1.09,0,14.75,0,13.58,0,0.24,0.01,1.09,0,1.09,0,0,29.5,0,0.67,250.31,58900.4,1668.27,49515.4,0,651.01,945.75,609.84,1140.42,0,0,0,0
XSLT Proxy,2G,500,10240,1000,HTTP Request,37226,0,0,61.56,8047.21,495,2840.58,1511,30285,9535,11519,13247,15359,17023,22911,618.43,1164.11,,,,,,,,,99.98,2048,5824,0,6.6,781.87,3.66,4.47,4.1,0.07,11.02,0,0.46,0,0,88.52,2308725.07,4999317.33,2455014.4,31.44,69218.13,2767265.33,3671596,47.02,3193812.53,2014031.2,212.53,1.24,0,12.06,0,7.67,0,0.37,0.01,1.24,0,1.24,0,0,24.11,0,0.67,825.22,59273.33,2308.27,50453.13,0,1573.04,1216.18,1790.65,1255.67,0,0,0,0,N/A,N/A,N/A,N/A,0.07,165.93,0,0,0,0.07,0.22,0,0.1,0,0,99.68,5657752.8,7180800,309984,3.97,68124,1619896,5076784,65.02,742671.2,1198949.87,206.67,0.95,0,5.93,0,6.21,0,0.42,0.01,0.95,0,0.95,0,0,11.86,0,0.07,238.07,56664.13,1614.93,45666.6,0,546.51,603.06,628.49,618.86,0,0,0,0,11557.122913,106449,20506,61757,0.33,670.87,0.07,0.06,0.03,0.07,0.54,0,0.2,0,0,99.25,4378379.47,6236389.07,1242356.27,15.91,78464.8,1936625.6,3304780,42.33,1694244.8,1479881.87,344.27,1.04,0,14.92,0,14.3,0,0.34,0.01,1.04,0,1.04,0,0,29.85,0,0.67,246.99,59008.93,1636.27,49610.53,0,668.5,968.39,625.82,1169.83,0,0,0,0
