<?xml version="1.0" encoding="UTF-8"?>
<deploy xmlns="http://www.apache.org/ode/schemas/dd/2007/03" xmlns:AdderService.wsdl="http://AdderService.wsdl" xmlns:event-handler="http://wso2.org/bps/samples/event-handler" xmlns:unit-testAssign1.wsdl="http://ode/bpel/unit-testAssign1.wsdl">
  <process name="event-handler:SampleEventHandlerProcess">
    <active>true</active>
    <retired>false</retired>
    <process-events generate="all"/>
    <provide partnerLink="client">
      <service name="event-handler:SampleEventHandlerService" port="eventHandlerPort"/>
    </provide>
    <!--<provide partnerLink="notificationHandlerPL">
      <service name="event-handler:SampleEventHandlerService" port="eventHandlerPort"/>
    </provide>-->
  </process>
</deploy>