<?xml version="1.0" encoding="UTF-8"?>
<deploy xmlns="http://www.apache.org/ode/schemas/dd/2007/03" xmlns:echo.services.core.carbon.wso2.org="http://echo.services.core.carbon.wso2.org" xmlns:process="http://wso2.org/wso2con/2011/process">
  <process name="process:HelloWorldProcess">
    <active>true</active>
    <retired>false</retired>
    <process-events generate="all"/>
    <provide partnerLink="client">
      <service name="process:HelloWorlProcessService" port="HelloWorldProcessPort"/>
    </provide>
    <invoke partnerLink="EchoPL">
      <service name="echo.services.core.carbon.wso2.org:echo" port="echoHttpSoap11Endpoint"/>
    </invoke>
  </process>
</deploy>